중분류,소분류,상품명,제조업체,지역,업태,업체종류,판매업체,총중량,단위중량,단위가격,판매가격,날짜
곡물가공품,견과류,머거본 꿀땅콩(135g),머거본,제주도/서귀포시,전통시장,전통시장,매일올레시장,135g,100g,2519,3400,202004
곡물가공품,국수,옛날국수소면,오뚜기,제주도/제주시,대형마트,이마트,이마트신제주점,900g,100g,220,1980,202004
곡물가공품,국수,옛날국수소면,오뚜기,제주도/서귀포시,대형마트,이마트,이마트서귀포점,900g,100g,220,1980,202004
곡물가공품,국수,옛날국수소면,오뚜기,제주도/제주시,대형마트,이마트,이마트제주점,900g,100g,220,1980,202004
곡물가공품,국수,옛날국수소면,오뚜기,제주도/제주시,전통시장,전통시장,동문시장,900g,100g,300,2700,202004
곡물가공품,국수,옛날국수소면,오뚜기,제주도/서귀포시,전통시장,전통시장,매일올레시장,900g,100g,300,2700,202004
곡물가공품,국수,제일제면소 소면(900g),CJ제일제당,제주도/서귀포시,대형마트,이마트,이마트서귀포점,900g,100g,220,1980,202004
곡물가공품,국수,제일제면소 소면(900g),CJ제일제당,제주도/제주시,대형마트,이마트,이마트제주점,900g,100g,220,1980,202004
곡물가공품,국수,제일제면소 소면(900g),CJ제일제당,제주도/서귀포시,전통시장,전통시장,매일올레시장,900g,100g,372,3350,202004
곡물가공품,국수,제일제면소 소면(900g),CJ제일제당,제주도/제주시,전통시장,전통시장,동문시장,900g,100g,289,2600,202004
곡물가공품,국수,제일제면소 소면(900g),CJ제일제당,제주도/제주시,대형마트,이마트,이마트신제주점,900g,100g,220,1980,202004
곡물가공품,냉동만두,고향만두,해태제과,제주도/서귀포시,전통시장,전통시장,매일올레시장,1140g,100g,658,7500,202004
곡물가공품,냉동만두,동원 개성 왕만두,동원,제주도/서귀포시,전통시장,전통시장,매일올레시장,980g,100g,939,9200,202004
곡물가공품,냉동만두,생야채돼지고기물만두(400g*2봉),CJ제일제당,제주도/서귀포시,대형마트,이마트,이마트서귀포점,800g,100g,998,7980,202004
곡물가공품,냉동만두,생야채돼지고기물만두(400g*2봉),CJ제일제당,제주도/제주시,대형마트,이마트,이마트신제주점,800g,100g,998,7980,202004
곡물가공품,당면,CJ 100% 국산 햇당면(400g),CJ제일제당,제주도/서귀포시,전통시장,전통시장,매일올레시장,400g,100g,1738,6950,202004
곡물가공품,당면,CJ 100% 국산 햇당면(400g),CJ제일제당,제주도/제주시,전통시장,전통시장,동문시장,400g,100g,1575,6300,202004
곡물가공품,당면,옛날당면,오뚜기,제주도/제주시,전통시장,전통시장,동문시장,500g,100g,1140,5700,202004
곡물가공품,당면,옛날당면,오뚜기,제주도/서귀포시,전통시장,전통시장,매일올레시장,500g,100g,1000,5000,202004
곡물가공품,두부,행복한콩 노릇하게잘구워지는 부침두부,CJ제일제당,제주도/제주시,전통시장,전통시장,동문시장,300g,100g,483,1450,202004
곡물가공품,두부,행복한콩 양념이잘배는 찌개두부,CJ제일제당,제주도/서귀포시,대형마트,이마트,이마트서귀포점,300g,100g,330,990,202004
곡물가공품,두부,행복한콩 양념이잘배는 찌개두부,CJ제일제당,제주도/제주시,전통시장,전통시장,동문시장,300g,100g,450,1350,202004
곡물가공품,떡국떡,CJ 참쌀떡국떡(1kg),CJ제일제당,제주도/제주시,대형마트,이마트,이마트신제주점,1000g,100g,338,3380,202004
곡물가공품,떡국떡,CJ 참쌀떡국떡(1kg),CJ제일제당,제주도/서귀포시,대형마트,이마트,이마트서귀포점,1000g,100g,338,3380,202004
곡물가공품,떡국떡,CJ 참쌀떡국떡(1kg),CJ제일제당,제주도/제주시,대형마트,이마트,이마트제주점,1000g,100g,338,3380,202004
곡물가공품,떡국떡,생가득 우리쌀 떡국떡(700g),풀무원,제주도/제주시,대형마트,이마트,이마트제주점,700g,100g,914,6400,202004
곡물가공품,떡국떡,생가득 우리쌀 떡국떡(700g),풀무원,제주도/제주시,대형마트,이마트,이마트신제주점,700g,100g,914,6400,202004
곡물가공품,라면,삼양라면 5개입,삼양식품,제주도/제주시,대형마트,이마트,이마트신제주점,5개,1개,596,2980,202004
곡물가공품,라면,삼양라면 5개입,삼양식품,제주도/서귀포시,전통시장,전통시장,매일올레시장,5개,1개,700,3500,202004
곡물가공품,라면,삼양라면 5개입,삼양식품,제주도/제주시,전통시장,전통시장,동문시장,5개,1개,700,3500,202004
곡물가공품,라면,삼양라면 5개입,삼양식품,제주도/제주시,대형마트,이마트,이마트제주점,5개,1개,596,2980,202004
곡물가공품,라면,삼양라면 5개입,삼양식품,제주도/서귀포시,대형마트,이마트,이마트서귀포점,5개,1개,596,2980,202004
곡물가공품,라면,신라면 5개입,농심,제주도/제주시,전통시장,전통시장,동문시장,5개,1개,748,3740,202004
곡물가공품,라면,신라면 5개입,농심,제주도/서귀포시,대형마트,이마트,이마트서귀포점,5개,1개,676,3380,202004
곡물가공품,라면,신라면 5개입,농심,제주도/제주시,대형마트,이마트,이마트제주점,5개,1개,676,3380,202004
곡물가공품,라면,신라면 5개입,농심,제주도/제주시,대형마트,이마트,이마트신제주점,5개,1개,676,3380,202004
곡물가공품,라면,신라면 5개입,농심,제주도/서귀포시,전통시장,전통시장,매일올레시장,5개,1개,730,3650,202004
곡물가공품,라면,진라면(순한맛) 5개입,오뚜기,제주도/제주시,대형마트,이마트,이마트제주점,5개,1개,466,2330,202004
곡물가공품,라면,진라면(순한맛) 5개입,오뚜기,제주도/제주시,전통시장,전통시장,동문시장,5개,1개,600,3000,202004
곡물가공품,라면,진라면(순한맛) 5개입,오뚜기,제주도/서귀포시,대형마트,이마트,이마트서귀포점,5개,1개,466,2330,202004
곡물가공품,라면,진라면(순한맛) 5개입,오뚜기,제주도/서귀포시,전통시장,전통시장,매일올레시장,5개,1개,640,3200,202004
곡물가공품,라면,진라면(순한맛) 5개입,오뚜기,제주도/제주시,대형마트,이마트,이마트신제주점,5개,1개,466,2330,202004
곡물가공품,만두피,오뚜기 찹쌀 왕만두피(300g),오뚜기,제주도/제주시,대형마트,이마트,이마트신제주점,300g,100g,493,1480,202004
곡물가공품,만두피,오뚜기 찹쌀 왕만두피(300g),오뚜기,제주도/서귀포시,대형마트,이마트,이마트서귀포점,300g,100g,493,1480,202004
곡물가공품,만두피,오뚜기 찹쌀 왕만두피(300g),오뚜기,제주도/제주시,대형마트,이마트,이마트제주점,300g,100g,493,1480,202004
곡물가공품,만두피,해태 찹쌀 왕만두피(360g),해태제과,제주도/제주시,대형마트,이마트,이마트제주점,360g,100g,606,2180,202004
곡물가공품,만두피,해태 찹쌀 왕만두피(360g),해태제과,제주도/제주시,대형마트,이마트,이마트신제주점,360g,100g,606,2180,202004
곡물가공품,만두피,해태 찹쌀 왕만두피(360g),해태제과,제주도/서귀포시,대형마트,이마트,이마트서귀포점,360g,100g,606,2180,202004
곡물가공품,밀가루,곰표 다목적밀가루(1kg),대한제분,제주도/제주시,대형마트,이마트,이마트신제주점,1000g,100g,128,1280,202004
곡물가공품,밀가루,곰표 다목적밀가루(1kg),대한제분,제주도/서귀포시,대형마트,이마트,이마트서귀포점,1000g,100g,85,850,202004
곡물가공품,밀가루,곰표 다목적밀가루(1kg),대한제분,제주도/제주시,대형마트,이마트,이마트제주점,1000g,100g,128,1280,202004
곡물가공품,밀가루,백설 중력밀가루(1kg),CJ제일제당,제주도/제주시,전통시장,전통시장,동문시장,1000g,100g,150,1500,202004
곡물가공품,밀가루,백설 중력밀가루(1kg),CJ제일제당,제주도/서귀포시,전통시장,전통시장,매일올레시장,1000g,100g,145,1450,202004
곡물가공품,부침가루,백설부침가루(1kg),CJ제일제당,제주도/제주시,전통시장,전통시장,동문시장,1000g,100g,200,2000,202004
곡물가공품,부침가루,백설부침가루(1kg),CJ제일제당,제주도/서귀포시,전통시장,전통시장,매일올레시장,1000g,100g,200,2000,202004
곡물가공품,부침가루,오뚜기부침가루(1kg),오뚜기,제주도/제주시,대형마트,이마트,이마트제주점,1000g,100g,245,2450,202004
곡물가공품,부침가루,오뚜기부침가루(1kg),오뚜기,제주도/제주시,대형마트,이마트,이마트신제주점,1000g,100g,245,2450,202004
곡물가공품,부침가루,오뚜기부침가루(1kg),오뚜기,제주도/서귀포시,대형마트,이마트,이마트서귀포점,1000g,100g,245,2450,202004
곡물가공품,빵,1964 정통 크림빵,삼립식품,제주도/제주시,전통시장,전통시장,동문시장,225g,10g,156,3500,202004
곡물가공품,빵,샤니 요요꿀호떡(400g),샤니,제주도/제주시,전통시장,전통시장,동문시장,400g,10g,100,4000,202004
곡물가공품,스프,보노 포르치니버섯스프(51.6g),농심,제주도/제주시,대형마트,이마트,이마트신제주점,52g,10g,438,2280,202004
곡물가공품,스프,보노 포르치니버섯스프(51.6g),농심,제주도/서귀포시,대형마트,이마트,이마트서귀포점,52g,10g,438,2280,202004
곡물가공품,스프,오뚜기 크림스프,오뚜기,제주도/제주시,대형마트,이마트,이마트신제주점,80g,10g,185,1480,202004
곡물가공품,스프,오뚜기 크림스프,오뚜기,제주도/서귀포시,대형마트,이마트,이마트서귀포점,80g,10g,185,1480,202004
곡물가공품,스프,오뚜기 크림스프,오뚜기,제주도/제주시,대형마트,이마트,이마트제주점,80g,10g,185,1480,202004
곡물가공품,스프,옥수수 보노콘스프,농심,제주도/서귀포시,대형마트,이마트,이마트서귀포점,56g,10g,407,2280,202004
곡물가공품,스프,옥수수 보노콘스프,농심,제주도/제주시,대형마트,이마트,이마트신제주점,56g,10g,407,2280,202004
곡물가공품,스프,옥수수 보노콘스프,농심,제주도/제주시,대형마트,이마트,이마트제주점,56g,10g,407,2280,202004
곡물가공품,스프,청정원 우리쌀 크림스프,대상,제주도/서귀포시,전통시장,전통시장,매일올레시장,60g,10g,200,1200,202004
곡물가공품,씨리얼,켈로그 콘푸로스트(600g),농심,제주도/제주시,대형마트,이마트,이마트신제주점,600g,100g,697,4180,202004
곡물가공품,씨리얼,켈로그 콘푸로스트(600g),농심,제주도/서귀포시,전통시장,전통시장,매일올레시장,600g,100g,1300,7800,202004
곡물가공품,씨리얼,켈로그 콘푸로스트(600g),농심,제주도/제주시,대형마트,이마트,이마트제주점,600g,100g,697,4180,202004
곡물가공품,씨리얼,켈로그 콘푸로스트(600g),농심,제주도/서귀포시,대형마트,이마트,이마트서귀포점,600g,100g,697,4180,202004
곡물가공품,씨리얼,포스트 콘푸라이트(600g),동서식품,제주도/서귀포시,전통시장,전통시장,매일올레시장,600g,100g,1158,6950,202004
곡물가공품,즉석국,맛있는 미역국,오뚜기,제주도/서귀포시,전통시장,전통시장,매일올레시장,18g,10g,944,1700,202004
곡물가공품,즉석국,맛있는 미역국,오뚜기,제주도/제주시,전통시장,전통시장,동문시장,18g,10g,944,1700,202004
곡물가공품,즉석국,오뚜기 맛있는 북어국(34g),오뚜기,제주도/제주시,전통시장,전통시장,동문시장,34g,10g,676,2300,202004
곡물가공품,즉석국,오뚜기 맛있는 북어국(34g),오뚜기,제주도/서귀포시,전통시장,전통시장,매일올레시장,34g,10g,765,2600,202004
곡물가공품,즉석덮밥,3분 쇠고기 짜장,오뚜기,제주도/서귀포시,대형마트,이마트,이마트서귀포점,200g,10g,48,950,202004
곡물가공품,즉석덮밥,3분 쇠고기 짜장,오뚜기,제주도/제주시,대형마트,이마트,이마트신제주점,200g,10g,48,950,202004
곡물가공품,즉석덮밥,3분 쇠고기 짜장,오뚜기,제주도/제주시,전통시장,전통시장,동문시장,200g,10g,65,1300,202004
곡물가공품,즉석덮밥,3분 쇠고기 짜장,오뚜기,제주도/제주시,대형마트,이마트,이마트제주점,200g,10g,48,950,202004
곡물가공품,즉석덮밥,3분 쇠고기 카레,오뚜기,제주도/제주시,대형마트,이마트,이마트제주점,200g,10g,48,950,202004
곡물가공품,즉석덮밥,3분 쇠고기 카레,오뚜기,제주도/제주시,전통시장,전통시장,동문시장,200g,10g,60,1200,202004
곡물가공품,즉석덮밥,3분 쇠고기 카레,오뚜기,제주도/서귀포시,대형마트,이마트,이마트서귀포점,200g,10g,48,950,202004
곡물가공품,즉석덮밥,3분 쇠고기 카레,오뚜기,제주도/제주시,대형마트,이마트,이마트신제주점,200g,10g,48,950,202004
곡물가공품,즉석덮밥,오뚜기 3분 백세카레 약간 매운맛,오뚜기,제주도/제주시,대형마트,이마트,이마트신제주점,200g,10g,99,1980,202004
곡물가공품,즉석덮밥,오뚜기 3분 백세카레 약간 매운맛,오뚜기,제주도/제주시,대형마트,이마트,이마트제주점,200g,10g,99,1980,202004
곡물가공품,즉석덮밥,오뚜기 3분 백세카레 약간 매운맛,오뚜기,제주도/서귀포시,대형마트,이마트,이마트서귀포점,200g,10g,99,1980,202004
곡물가공품,즉석덮밥,청정원 옛날식 짜장(180g),대상,제주도/제주시,대형마트,이마트,이마트신제주점,180g,10g,82,1480,202004
곡물가공품,즉석덮밥,청정원 옛날식 짜장(180g),대상,제주도/서귀포시,대형마트,이마트,이마트서귀포점,180g,10g,82,1480,202004
곡물가공품,즉석덮밥,청정원 옛날식 짜장(180g),대상,제주도/제주시,대형마트,이마트,이마트제주점,180g,10g,82,1480,202004
곡물가공품,즉석덮밥,청정원 옛날식 짜장(180g),대상,제주도/서귀포시,전통시장,전통시장,매일올레시장,180g,10g,83,1500,202004
곡물가공품,즉석덮밥,청정원 옛날식 짜장(180g),대상,제주도/제주시,전통시장,전통시장,동문시장,180g,10g,83,1500,202004
곡물가공품,즉석덮밥,청정원 카레여왕 비프카레(160g),대상,제주도/제주시,전통시장,전통시장,동문시장,160g,10g,128,2050,202004
곡물가공품,즉석덮밥,청정원 카레여왕 비프카레(160g),대상,제주도/서귀포시,전통시장,전통시장,매일올레시장,160g,10g,131,2100,202004
곡물가공품,즉석밥,CJ 햇반(210g*3개입),CJ제일제당,제주도/제주시,대형마트,이마트,이마트제주점,630g,100g,743,4680,202004
곡물가공품,즉석밥,CJ 햇반(210g*3개입),CJ제일제당,제주도/제주시,대형마트,이마트,이마트신제주점,630g,100g,743,4680,202004
곡물가공품,즉석밥,맛있는오뚜기밥(6개입) ,오뚜기,제주도/제주시,대형마트,이마트,이마트신제주점,1260g,100g,433,5450,202004
곡물가공품,즉석밥,맛있는오뚜기밥(6개입) ,오뚜기,제주도/제주시,대형마트,이마트,이마트제주점,1260g,100g,433,5450,202004
곡물가공품,즉석밥,맛있는오뚜기밥(6개입) ,오뚜기,제주도/서귀포시,대형마트,이마트,이마트서귀포점,1260g,100g,433,5450,202004
곡물가공품,즉석밥,햇반(엄마가해주신밥 단품),CJ제일제당,제주도/서귀포시,대형마트,이마트,이마트서귀포점,210g,100g,752,1580,202004
곡물가공품,즉석밥,햇반(엄마가해주신밥 단품),CJ제일제당,제주도/제주시,대형마트,이마트,이마트신제주점,210g,100g,752,1580,202004
곡물가공품,즉석밥,햇반(엄마가해주신밥 단품),CJ제일제당,제주도/서귀포시,전통시장,전통시장,매일올레시장,210g,100g,476,1000,202004
곡물가공품,즉석밥,햇반(엄마가해주신밥 단품),CJ제일제당,제주도/제주시,대형마트,이마트,이마트제주점,210g,100g,752,1580,202004
곡물가공품,즉석우동,CJ 가쓰오 우동(4인분)(933.2g),CJ제일제당,제주도/제주시,대형마트,이마트,이마트제주점,933g,100g,802,7480,202004
곡물가공품,즉석우동,CJ 가쓰오 우동(4인분)(933.2g),CJ제일제당,제주도/서귀포시,대형마트,이마트,이마트서귀포점,933g,100g,802,7480,202004
곡물가공품,즉석우동,CJ 가쓰오 우동(4인분)(933.2g),CJ제일제당,제주도/제주시,대형마트,이마트,이마트신제주점,933g,100g,802,7480,202004
곡물가공품,즉석우동,풀무원 생가득 가쓰오 우동(4인분),풀무원,제주도/제주시,대형마트,이마트,이마트신제주점,920g,100g,867,7980,202004
곡물가공품,즉석우동,풀무원 생가득 가쓰오 우동(4인분),풀무원,제주도/제주시,대형마트,이마트,이마트제주점,920g,100g,867,7980,202004
곡물가공품,즉석우동,풀무원 생가득 가쓰오 우동(4인분),풀무원,제주도/서귀포시,대형마트,이마트,이마트서귀포점,920g,100g,867,7980,202004
곡물가공품,즉석죽,동원 양반 쇠고기죽(288g),동원F&B,제주도/제주시,대형마트,이마트,이마트신제주점,288g,100g,965,2780,202004
곡물가공품,즉석죽,동원 양반 쇠고기죽(288g),동원F&B,제주도/서귀포시,전통시장,전통시장,매일올레시장,288g,100g,920,2650,202004
곡물가공품,즉석죽,동원 양반 쇠고기죽(288g),동원F&B,제주도/제주시,대형마트,이마트,이마트제주점,288g,100g,965,2780,202004
곡물가공품,즉석죽,동원 양반 쇠고기죽(288g),동원F&B,제주도/제주시,전통시장,전통시장,동문시장,288g,100g,1042,3000,202004
곡물가공품,즉석죽,동원 양반 쇠고기죽(288g),동원F&B,제주도/서귀포시,대형마트,이마트,이마트서귀포점,288g,100g,965,2780,202004
곡물가공품,즉석죽,동원 양반 전복죽(288g),동원F&B,제주도/제주시,대형마트,이마트,이마트신제주점,288g,100g,965,2780,202004
곡물가공품,즉석죽,동원 양반 전복죽(288g),동원F&B,제주도/서귀포시,전통시장,전통시장,매일올레시장,288g,100g,1111,3200,202004
곡물가공품,즉석죽,동원 양반 전복죽(288g),동원F&B,제주도/제주시,대형마트,이마트,이마트제주점,288g,100g,965,2780,202004
곡물가공품,즉석죽,동원 양반 전복죽(288g),동원F&B,제주도/서귀포시,대형마트,이마트,이마트서귀포점,288g,100g,965,2780,202004
곡물가공품,즉석죽,동원 양반 전복죽(288g),동원F&B,제주도/제주시,전통시장,전통시장,동문시장,288g,100g,1111,3200,202004
곡물가공품,즉석죽,오뚜기 새송이 쇠고기죽(285g),오뚜기,제주도/서귀포시,대형마트,이마트,이마트서귀포점,285g,100g,975,2780,202004
곡물가공품,즉석죽,오뚜기 새송이 쇠고기죽(285g),오뚜기,제주도/제주시,대형마트,이마트,이마트제주점,285g,100g,975,2780,202004
곡물가공품,즉석죽,오뚜기 새송이 쇠고기죽(285g),오뚜기,제주도/제주시,대형마트,이마트,이마트신제주점,285g,100g,975,2780,202004
곡물가공품,즉석죽,오뚜기 전복죽(285g),오뚜기,제주도/제주시,대형마트,이마트,이마트신제주점,285g,100g,975,2780,202004
곡물가공품,즉석죽,오뚜기 전복죽(285g),오뚜기,제주도/서귀포시,대형마트,이마트,이마트서귀포점,285g,100g,975,2780,202004
곡물가공품,즉석죽,오뚜기 전복죽(285g),오뚜기,제주도/제주시,대형마트,이마트,이마트제주점,285g,100g,975,2780,202004
곡물가공품,초밥류,대림 주부초밥짱(320g),사조대림,제주도/제주시,대형마트,이마트,이마트제주점,320g,100g,931,2980,202004
곡물가공품,초밥류,대림 주부초밥짱(320g),사조대림,제주도/제주시,전통시장,전통시장,동문시장,320g,100g,1438,4600,202004
곡물가공품,초밥류,대림 주부초밥짱(320g),사조대림,제주도/서귀포시,대형마트,이마트,이마트서귀포점,320g,100g,931,2980,202004
곡물가공품,초밥류,대림 주부초밥짱(320g),사조대림,제주도/제주시,대형마트,이마트,이마트신제주점,320g,100g,931,2980,202004
곡물가공품,초밥류,풀무원 새콤달콤 유부(330g),풀무원,제주도/제주시,대형마트,이마트,이마트제주점,330g,100g,1055,3480,202004
곡물가공품,초밥류,풀무원 새콤달콤 유부(330g),풀무원,제주도/서귀포시,전통시장,전통시장,매일올레시장,330g,100g,1333,4400,202004
곡물가공품,초밥류,풀무원 새콤달콤 유부(330g),풀무원,제주도/서귀포시,대형마트,이마트,이마트서귀포점,330g,100g,1055,3480,202004
곡물가공품,초밥류,풀무원 새콤달콤 유부(330g),풀무원,제주도/제주시,대형마트,이마트,이마트신제주점,330g,100g,1055,3480,202004
곡물가공품,컵라면,농심 신라면 큰사발면(114g),농심,제주도/제주시,대형마트,이마트,이마트신제주점,114g,100g,833,950,202004
곡물가공품,컵라면,농심 신라면 큰사발면(114g),농심,제주도/서귀포시,대형마트,이마트,이마트서귀포점,114g,100g,833,950,202004
곡물가공품,컵라면,농심 신라면 큰사발면(114g),농심,제주도/서귀포시,전통시장,전통시장,매일올레시장,114g,100g,877,1000,202004
곡물가공품,컵라면,농심 신라면 큰사발면(114g),농심,제주도/제주시,대형마트,이마트,이마트제주점,114g,100g,833,950,202004
곡물가공품,컵라면,농심 신라면 큰사발면(114g),농심,제주도/제주시,전통시장,전통시장,동문시장,114g,100g,912,1040,202004
곡물가공품,컵라면,오뚜기 참깨라면(컵라면)(110g),오뚜기,제주도/서귀포시,전통시장,전통시장,매일올레시장,110g,100g,955,1050,202004
곡물가공품,컵라면,오뚜기 참깨라면(컵라면)(110g),오뚜기,제주도/제주시,대형마트,이마트,이마트제주점,110g,100g,664,730,202004
곡물가공품,컵라면,오뚜기 참깨라면(컵라면)(110g),오뚜기,제주도/서귀포시,대형마트,이마트,이마트서귀포점,110g,100g,664,730,202004
곡물가공품,컵라면,팔도 왕뚜껑(110g),팔도,제주도/제주시,대형마트,이마트,이마트신제주점,110g,100g,855,940,202004
곡물가공품,컵라면,팔도 왕뚜껑(110g),팔도,제주도/서귀포시,대형마트,이마트,이마트서귀포점,110g,100g,855,940,202004
곡물가공품,컵라면,팔도 왕뚜껑(110g),팔도,제주도/서귀포시,전통시장,전통시장,매일올레시장,110g,100g,909,1000,202004
곡물가공품,컵라면,팔도 왕뚜껑(110g),팔도,제주도/제주시,대형마트,이마트,이마트제주점,110g,100g,855,940,202004
곡물가공품,컵밥,CJ 햇반 컵반 고추장 제육덮밥(250g),CJ제일제당,제주도/제주시,전통시장,전통시장,동문시장,250g,100g,1040,2600,202004
곡물가공품,컵밥,CJ 햇반 컵반 고추장 제육덮밥(250g),CJ제일제당,제주도/제주시,대형마트,이마트,이마트신제주점,250g,100g,1192,2980,202004
곡물가공품,컵밥,CJ 햇반 컵반 고추장 제육덮밥(250g),CJ제일제당,제주도/제주시,대형마트,이마트,이마트제주점,250g,100g,1192,2980,202004
곡물가공품,컵밥,CJ 햇반 컵반 고추장 제육덮밥(250g),CJ제일제당,제주도/서귀포시,대형마트,이마트,이마트서귀포점,250g,100g,1192,2980,202004
곡물가공품,컵밥,CJ 햇반 컵반 미역국밥(167g),CJ제일제당,제주도/서귀포시,전통시장,전통시장,매일올레시장,167g,100g,1497,2500,202004
곡물가공품,컵밥,CJ 햇반 컵반 미역국밥(167g),CJ제일제당,제주도/서귀포시,대형마트,이마트,이마트서귀포점,167g,100g,1485,2480,202004
곡물가공품,컵밥,CJ 햇반 컵반 미역국밥(167g),CJ제일제당,제주도/제주시,대형마트,이마트,이마트제주점,167g,100g,1485,2480,202004
곡물가공품,컵밥,CJ 햇반 컵반 미역국밥(167g),CJ제일제당,제주도/제주시,전통시장,전통시장,동문시장,167g,100g,1557,2600,202004
곡물가공품,컵밥,CJ 햇반 컵반 미역국밥(167g),CJ제일제당,제주도/제주시,대형마트,이마트,이마트신제주점,167g,100g,1485,2480,202004
곡물가공품,탕,CJ 비비고 사골곰탕(500g),CJ제일제당,제주도/서귀포시,대형마트,이마트,이마트서귀포점,500g,100g,250,1250,202004
곡물가공품,탕,CJ 비비고 사골곰탕(500g),CJ제일제당,제주도/제주시,대형마트,이마트,이마트신제주점,500g,100g,250,1250,202004
곡물가공품,탕,CJ 비비고 사골곰탕(500g),CJ제일제당,제주도/제주시,전통시장,전통시장,동문시장,500g,100g,330,1650,202004
곡물가공품,탕,CJ 비비고 사골곰탕(500g),CJ제일제당,제주도/제주시,대형마트,이마트,이마트제주점,500g,100g,250,1250,202004
곡물가공품,탕,CJ 비비고 사골곰탕(500g),CJ제일제당,제주도/서귀포시,전통시장,전통시장,매일올레시장,500g,100g,370,1850,202004
곡물가공품,탕,CJ 비비고 육개장(500g),CJ제일제당,제주도/서귀포시,전통시장,전통시장,매일올레시장,500g,100g,740,3700,202004
곡물가공품,탕,CJ 비비고 육개장(500g),CJ제일제당,제주도/제주시,대형마트,이마트,이마트제주점,500g,100g,636,3180,202004
곡물가공품,탕,CJ 비비고 육개장(500g),CJ제일제당,제주도/제주시,대형마트,이마트,이마트신제주점,500g,100g,636,3180,202004
곡물가공품,탕,CJ 비비고 육개장(500g),CJ제일제당,제주도/서귀포시,대형마트,이마트,이마트서귀포점,500g,100g,636,3180,202004
곡물가공품,탕,CJ 비비고 육개장(500g),CJ제일제당,제주도/제주시,전통시장,전통시장,동문시장,500g,100g,720,3600,202004
곡물가공품,탕,오뚜기 옛날 사골곰탕 국물(350g),오뚜기,제주도/서귀포시,대형마트,이마트,이마트서귀포점,350g,100g,280,980,202004
곡물가공품,탕,오뚜기 옛날 사골곰탕 국물(350g),오뚜기,제주도/서귀포시,전통시장,전통시장,매일올레시장,350g,100g,314,1100,202004
곡물가공품,탕,오뚜기 옛날 사골곰탕 국물(350g),오뚜기,제주도/제주시,대형마트,이마트,이마트신제주점,350g,100g,280,980,202004
곡물가공품,탕,오뚜기 옛날 사골곰탕 국물(350g),오뚜기,제주도/제주시,대형마트,이마트,이마트제주점,350g,100g,280,980,202004
곡물가공품,탕,오뚜기 옛날 육개장(300g),오뚜기,제주도/서귀포시,전통시장,전통시장,매일올레시장,300g,100g,383,1150,202004
곡물가공품,탕,오뚜기 옛날 육개장(300g),오뚜기,제주도/제주시,대형마트,이마트,이마트제주점,300g,100g,327,980,202004
곡물가공품,탕,오뚜기 옛날 육개장(300g),오뚜기,제주도/서귀포시,대형마트,이마트,이마트서귀포점,300g,100g,327,980,202004
과자·빙과류,감자칩,오리온 포카칩 오리지날(66g),오리온,제주도/서귀포시,전통시장,전통시장,매일올레시장,66g,10g,189,1250,202004
과자·빙과류,감자칩,오리온 포카칩 오리지날(66g),오리온,제주도/서귀포시,대형마트,이마트,이마트서귀포점,66g,10g,179,1180,202004
과자·빙과류,감자칩,오리온 포카칩 오리지날(66g),오리온,제주도/제주시,대형마트,이마트,이마트제주점,66g,10g,179,1180,202004
과자·빙과류,감자칩,오리온 포카칩 오리지날(66g),오리온,제주도/제주시,전통시장,전통시장,동문시장,66g,10g,205,1350,202004
과자·빙과류,감자칩,오리온 포카칩 오리지날(66g),오리온,제주도/제주시,대형마트,이마트,이마트신제주점,66g,10g,179,1180,202004
과자·빙과류,감자칩,칩포테이토 오리지날,농심,제주도/제주시,전통시장,전통시장,동문시장,60g,10g,208,1250,202004
과자·빙과류,껌,롯데 자일리톨 오리지날(87g),롯데제과,제주도/서귀포시,전통시장,전통시장,매일올레시장,87g,10g,460,4000,202004
과자·빙과류,껌,롯데 자일리톨 오리지날(87g),롯데제과,제주도/제주시,전통시장,전통시장,동문시장,87g,10g,517,4500,202004
과자·빙과류,껌,해태아이스쿨,해태제과,제주도/서귀포시,전통시장,전통시장,매일올레시장,69g,10g,594,4100,202004
과자·빙과류,모나카류아이스크림,"롯데푸드 찰떡국화빵(150ml,단품)",롯데푸드,제주도/제주시,전통시장,전통시장,동문시장,150ml,10ml,87,1300,202004
과자·빙과류,모나카류아이스크림,"빙그레 참붕어 싸만코(150ml,단품)",빙그레,제주도/서귀포시,전통시장,전통시장,매일올레시장,150ml,10ml,50,750,202004
과자·빙과류,모나카류아이스크림,"빙그레 참붕어 싸만코(150ml,단품)",빙그레,제주도/제주시,전통시장,전통시장,동문시장,150ml,10ml,70,1050,202004
과자·빙과류,빙과류,"롯데푸드 돼지바(70ml,단품)",롯데푸드,제주도/서귀포시,전통시장,전통시장,매일올레시장,70ml,10ml,71,500,202004
과자·빙과류,빙과류,"롯데푸드 돼지바(70ml,단품)",롯데푸드,제주도/제주시,전통시장,전통시장,동문시장,70ml,10ml,114,800,202004
과자·빙과류,빙과류,메로나(단품),빙그레,제주도/서귀포시,전통시장,전통시장,매일올레시장,80ml,10ml,63,500,202004
과자·빙과류,빙과류,메로나(단품),빙그레,제주도/제주시,전통시장,전통시장,동문시장,80ml,10ml,100,800,202004
과자·빙과류,빙과류,"해태 바밤바(63ml,단품)",해태제과,제주도/제주시,전통시장,전통시장,동문시장,63ml,10ml,127,800,202004
과자·빙과류,빙과류,"해태 바밤바(63ml,단품)",해태제과,제주도/서귀포시,전통시장,전통시장,매일올레시장,63ml,10ml,79,500,202004
과자·빙과류,빙과류,"해태 바밤바(63ml,단품)",해태제과,제주도/서귀포시,대형마트,이마트,이마트서귀포점,63ml,10ml,95,600,202004
과자·빙과류,새우깡,농심 새우깡(90g),농심,제주도/서귀포시,전통시장,전통시장,매일올레시장,90g,10g,122,1100,202004
과자·빙과류,새우깡,농심 새우깡(90g),농심,제주도/제주시,대형마트,이마트,이마트제주점,90g,10g,113,1020,202004
과자·빙과류,새우깡,농심 새우깡(90g),농심,제주도/제주시,전통시장,전통시장,동문시장,90g,10g,130,1170,202004
과자·빙과류,새우깡,농심 새우깡(90g),농심,제주도/서귀포시,대형마트,이마트,이마트서귀포점,90g,10g,113,1020,202004
과자·빙과류,새우깡,농심 새우깡(90g),농심,제주도/제주시,대형마트,이마트,이마트신제주점,90g,10g,113,1020,202004
과자·빙과류,아이스크림,"롯데 월드콘 바닐라(160ml,단품)",롯데제과,제주도/서귀포시,전통시장,전통시장,매일올레시장,160ml,10ml,63,1000,202004
과자·빙과류,아이스크림,"롯데 월드콘 바닐라(160ml,단품)",롯데제과,제주도/제주시,전통시장,전통시장,동문시장,160ml,10ml,81,1300,202004
과자·빙과류,아이스크림,투게더 바닐라맛,빙그레,제주도/서귀포시,전통시장,전통시장,매일올레시장,900ml,10ml,667,6000,202004
과자·빙과류,아이스크림,"해태 부라보콘 화이트바닐라(140ml,단품)",해태제과,제주도/제주시,전통시장,전통시장,동문시장,140ml,10ml,93,1300,202004
과자·빙과류,아이스크림,"해태 부라보콘 화이트바닐라(140ml,단품)",해태제과,제주도/서귀포시,대형마트,이마트,이마트서귀포점,140ml,10ml,86,1200,202004
과자·빙과류,아이스크림,"해태 부라보콘 화이트바닐라(140ml,단품)",해태제과,제주도/서귀포시,전통시장,전통시장,매일올레시장,140ml,10ml,71,1000,202004
과자·빙과류,에너지바,닥터유 에너지바(40g*4개입),오리온,제주도/제주시,대형마트,이마트,이마트신제주점,160g,10g,249,3980,202004
과자·빙과류,에너지바,"닥터유 에너지바(40g,단품)",오리온,제주도/제주시,대형마트,이마트,이마트제주점,40g,10g,245,980,202004
과자·빙과류,에너지바,"닥터유 에너지바(40g,단품)",오리온,제주도/제주시,전통시장,전통시장,동문시장,40g,10g,275,1100,202004
과자·빙과류,에너지바,"닥터유 에너지바(40g,단품)",오리온,제주도/서귀포시,대형마트,이마트,이마트서귀포점,40g,10g,245,980,202004
과자·빙과류,에너지바,"닥터유 에너지바(40g,단품)",오리온,제주도/서귀포시,전통시장,전통시장,매일올레시장,40g,10g,250,1000,202004
과자·빙과류,에너지바,"닥터유 에너지바(40g,단품)",오리온,제주도/제주시,대형마트,이마트,이마트신제주점,40g,10g,245,980,202004
과자·빙과류,에너지바,켈로그 레드베리 에너지바(25g*4개입),농심,제주도/서귀포시,대형마트,이마트,이마트서귀포점,100g,10g,278,2780,202004
과자·빙과류,에너지바,켈로그 레드베리 에너지바(25g*4개입),농심,제주도/제주시,대형마트,이마트,이마트신제주점,100g,10g,278,2780,202004
과자·빙과류,에너지바,켈로그 레드베리 에너지바(25g*4개입),농심,제주도/제주시,대형마트,이마트,이마트제주점,100g,10g,278,2780,202004
과자·빙과류,초코바,오리온 핫브레이크 미니(714g),오리온,제주도/제주시,대형마트,이마트,이마트신제주점,714g,10g,151,10800,202004
과자·빙과류,초코바,오리온 핫브레이크 미니(714g),오리온,제주도/서귀포시,대형마트,이마트,이마트서귀포점,714g,10g,151,10800,202004
과자·빙과류,초코바,오리온 핫브레이크 미니(714g),오리온,제주도/제주시,대형마트,이마트,이마트제주점,714g,10g,151,10800,202004
과자·빙과류,초코바,해태 자유시간(36g*5개입),해태제과,제주도/서귀포시,대형마트,이마트,이마트서귀포점,180g,10g,221,3980,202004
과자·빙과류,초코바,해태 자유시간(36g*5개입),해태제과,제주도/서귀포시,전통시장,전통시장,매일올레시장,180g,10g,183,3300,202004
과자·빙과류,초코바,해태 자유시간(36g*5개입),해태제과,제주도/제주시,대형마트,이마트,이마트제주점,180g,10g,221,3980,202004
과자·빙과류,초코바,해태 자유시간(36g*5개입),해태제과,제주도/제주시,전통시장,전통시장,동문시장,180g,10g,167,3000,202004
과자·빙과류,초코바,"해태 자유시간(36g,단품)",해태제과,제주도/제주시,전통시장,전통시장,동문시장,36g,10g,194,700,202004
과자·빙과류,초코바,"해태 자유시간(36g,단품)",해태제과,제주도/서귀포시,전통시장,전통시장,매일올레시장,36g,10g,194,700,202004
과자·빙과류,초코바,"해태 자유시간(36g,단품)",해태제과,제주도/제주시,대형마트,이마트,이마트제주점,36g,10g,222,800,202004
과자·빙과류,초코바,"해태 자유시간(36g,단품)",해태제과,제주도/서귀포시,대형마트,이마트,이마트서귀포점,36g,10g,222,800,202004
과자·빙과류,초코바,"해태 자유시간(36g,단품)",해태제과,제주도/제주시,대형마트,이마트,이마트신제주점,36g,10g,222,800,202004
과자·빙과류,초코파이,몽쉘 크림,롯데제과,제주도/제주시,대형마트,이마트,이마트신제주점,384g,10g,124,4780,202004
과자·빙과류,초코파이,몽쉘 크림,롯데제과,제주도/제주시,대형마트,이마트,이마트제주점,384g,10g,124,4780,202004
과자·빙과류,초코파이,몽쉘 크림,롯데제과,제주도/서귀포시,대형마트,이마트,이마트서귀포점,384g,10g,124,4780,202004
과자·빙과류,초코파이,오리온 초코파이(39g*18개입),오리온,제주도/제주시,대형마트,이마트,이마트신제주점,702g,10g,82,5760,202004
과자·빙과류,초코파이,오리온 초코파이(39g*18개입),오리온,제주도/제주시,전통시장,전통시장,동문시장,702g,10g,85,6000,202004
과자·빙과류,초코파이,오리온 초코파이(39g*18개입),오리온,제주도/서귀포시,대형마트,이마트,이마트서귀포점,702g,10g,82,5760,202004
과자·빙과류,초코파이,오리온 초코파이(39g*18개입),오리온,제주도/제주시,대형마트,이마트,이마트제주점,702g,10g,82,5760,202004
과자·빙과류,초코파이,오리온 초코파이(39g*18개입),오리온,제주도/서귀포시,전통시장,전통시장,매일올레시장,702g,10g,83,5800,202004
과자·빙과류,초코파이,해태 오예스(28g*12개입),해태제과,제주도/서귀포시,전통시장,전통시장,매일올레시장,336g,10g,119,4000,202004
과자·빙과류,초코파이,해태 오예스(28g*12개입),해태제과,제주도/제주시,전통시장,전통시장,동문시장,336g,10g,113,3800,202004
과자·빙과류,초콜릿,롯데 ABC 초코(65g),롯데제과,제주도/제주시,전통시장,전통시장,동문시장,65g,10g,277,1800,202004
과자·빙과류,초콜릿,롯데 ABC 초코(65g),롯데제과,제주도/서귀포시,전통시장,전통시장,매일올레시장,65g,10g,254,1650,202004
과자·빙과류,초콜릿,롯데 가나 마일드(34g*3개입),롯데제과,제주도/제주시,대형마트,이마트,이마트제주점,102g,10g,233,2380,202004
과자·빙과류,초콜릿,롯데 가나 마일드(34g*3개입),롯데제과,제주도/서귀포시,대형마트,이마트,이마트서귀포점,102g,10g,233,2380,202004
과자·빙과류,초콜릿,롯데 가나 마일드(34g*3개입),롯데제과,제주도/제주시,대형마트,이마트,이마트신제주점,102g,10g,233,2380,202004
과자·빙과류,초콜릿,"롯데 가나 마일드(34g,단품)",롯데제과,제주도/제주시,전통시장,전통시장,동문시장,34g,10g,265,900,202004
과자·빙과류,초콜릿,"롯데 가나 마일드(34g,단품)",롯데제과,제주도/서귀포시,전통시장,전통시장,매일올레시장,34g,10g,250,850,202004
과자·빙과류,캔디,롯데 목캔디 허브(148g),롯데제과,제주도/서귀포시,전통시장,전통시장,매일올레시장,148g,10g,169,2500,202004
과자·빙과류,캔디,롯데 목캔디 허브(148g),롯데제과,제주도/제주시,전통시장,전통시장,동문시장,148g,10g,182,2700,202004
과자·빙과류,캔디,오리온 통아몬드(90g),오리온,제주도/제주시,전통시장,전통시장,동문시장,90g,10g,200,1800,202004
과자·빙과류,캔디,오리온 통아몬드(90g),오리온,제주도/제주시,대형마트,이마트,이마트제주점,90g,10g,176,1580,202004
과자·빙과류,캔디,오리온 통아몬드(90g),오리온,제주도/서귀포시,대형마트,이마트,이마트서귀포점,90g,10g,176,1580,202004
과자·빙과류,캔디,오리온 통아몬드(90g),오리온,제주도/제주시,대형마트,이마트,이마트신제주점,90g,10g,176,1580,202004
과자·빙과류,크래커,아이비,해태제과,제주도/제주시,전통시장,전통시장,동문시장,155g,10g,119,1850,202004
과자·빙과류,크래커,참크래커,크라운제과,제주도/서귀포시,대형마트,이마트,이마트서귀포점,280g,10g,120,3360,202004
과자·빙과류,크래커,참크래커,크라운제과,제주도/서귀포시,전통시장,전통시장,매일올레시장,280g,10g,118,3300,202004
낙농·축산가공품,마가린,오뚜기 식물성 마아가린(200g),오뚜기,제주도/서귀포시,전통시장,전통시장,매일올레시장,200g,100g,1000,2000,202004
낙농·축산가공품,마가린,옥수수 마가린(200g),오뚜기,제주도/서귀포시,대형마트,이마트,이마트서귀포점,200g,100g,945,1890,202004
낙농·축산가공품,마가린,옥수수 마가린(200g),오뚜기,제주도/제주시,대형마트,이마트,이마트제주점,200g,100g,945,1890,202004
낙농·축산가공품,마가린,옥수수 마가린(200g),오뚜기,제주도/제주시,대형마트,이마트,이마트신제주점,200g,100g,945,1890,202004
낙농·축산가공품,마가린,옥수수 마가린(200g),오뚜기,제주도/서귀포시,전통시장,전통시장,매일올레시장,200g,100g,1000,2000,202004
낙농·축산가공품,발효유,떠먹는불가리스 딸기 오리지날(4개묶음),남양유업,제주도/제주시,대형마트,이마트,이마트신제주점,400g,10g,62,2490,202004
낙농·축산가공품,발효유,떠먹는불가리스 딸기 오리지날(4개묶음),남양유업,제주도/제주시,대형마트,이마트,이마트제주점,400g,10g,62,2490,202004
낙농·축산가공품,발효유,떠먹는불가리스 딸기 오리지날(4개묶음),남양유업,제주도/제주시,전통시장,전통시장,동문시장,400g,10g,75,3000,202004
낙농·축산가공품,발효유,떠먹는불가리스 딸기 오리지날(4개묶음),남양유업,제주도/서귀포시,전통시장,전통시장,매일올레시장,400g,10g,75,3000,202004
낙농·축산가공품,발효유,매일바이오거트(4개 묶음360g),매일유업,제주도/제주시,대형마트,이마트,이마트신제주점,360g,10g,76,2750,202004
낙농·축산가공품,발효유,매일바이오거트(4개 묶음360g),매일유업,제주도/제주시,대형마트,이마트,이마트제주점,360g,10g,76,2750,202004
낙농·축산가공품,발효유,매일바이오거트(4개 묶음360g),매일유업,제주도/서귀포시,대형마트,이마트,이마트서귀포점,360g,10g,76,2750,202004
낙농·축산가공품,발효유,매일바이오거트(4개 묶음360g),매일유업,제주도/서귀포시,전통시장,전통시장,매일올레시장,360g,10g,83,3000,202004
낙농·축산가공품,발효유,오리지널 요플레(4개묶음),빙그레,제주도/제주시,대형마트,이마트,이마트제주점,360g,10g,78,2800,202004
낙농·축산가공품,발효유,오리지널 요플레(4개묶음),빙그레,제주도/서귀포시,전통시장,전통시장,매일올레시장,360g,10g,81,2900,202004
낙농·축산가공품,발효유,오리지널 요플레(4개묶음),빙그레,제주도/서귀포시,대형마트,이마트,이마트서귀포점,360g,10g,78,2800,202004
낙농·축산가공품,발효유,오리지널 요플레(4개묶음),빙그레,제주도/제주시,대형마트,이마트,이마트신제주점,360g,10g,78,2800,202004
낙농·축산가공품,발효유,오리지널 요플레(4개묶음),빙그레,제주도/제주시,전통시장,전통시장,동문시장,360g,10g,83,3000,202004
낙농·축산가공품,발효유,자연의 시작 불가리스 사과 (4개묶음),남양유업,제주도/제주시,대형마트,이마트,이마트제주점,600g,10g,83,4980,202004
낙농·축산가공품,발효유,자연의 시작 불가리스 사과 (4개묶음),남양유업,제주도/서귀포시,대형마트,이마트,이마트서귀포점,600g,10g,83,4980,202004
낙농·축산가공품,발효유,자연의 시작 불가리스 사과 (4개묶음),남양유업,제주도/제주시,대형마트,이마트,이마트신제주점,600g,10g,83,4980,202004
낙농·축산가공품,발효유,자연의 시작 불가리스 사과 (4개묶음),남양유업,제주도/서귀포시,전통시장,전통시장,매일올레시장,600g,10g,90,5400,202004
낙농·축산가공품,발효유,자연의 시작 불가리스 사과 (4개묶음),남양유업,제주도/제주시,전통시장,전통시장,동문시장,600g,10g,90,5400,202004
낙농·축산가공품,버터,모닝버터(해바라기유)(200g),데어리푸드코리아,제주도/서귀포시,전통시장,전통시장,매일올레시장,200g,10g,210,4200,202004
낙농·축산가공품,버터,모닝버터(해바라기유)(200g),데어리푸드코리아,제주도/제주시,전통시장,전통시장,동문시장,200g,10g,210,4200,202004
낙농·축산가공품,버터,무가염버터(450g),서울우유,제주도/서귀포시,전통시장,전통시장,매일올레시장,450g,10g,236,10600,202004
낙농·축산가공품,버터,무가염버터(450g),서울우유,제주도/제주시,대형마트,이마트,이마트신제주점,450g,10g,228,10280,202004
낙농·축산가공품,버터,무가염버터(450g),서울우유,제주도/서귀포시,대형마트,이마트,이마트서귀포점,450g,10g,228,10280,202004
낙농·축산가공품,버터,무가염버터(450g),서울우유,제주도/제주시,대형마트,이마트,이마트제주점,450g,10g,228,10280,202004
낙농·축산가공품,분유,프리미엄 산양분유 1단계(800g),일동후디스,제주도/제주시,대형마트,이마트,이마트신제주점,800g,100g,5488,43900,202004
낙농·축산가공품,분유,프리미엄 산양분유 1단계(800g),일동후디스,제주도/제주시,대형마트,이마트,이마트제주점,800g,100g,5488,43900,202004
낙농·축산가공품,소시지,CJ 더 건강한햄 그릴후랑크(350g),CJ제일제당,제주도/제주시,전통시장,전통시장,동문시장,350g,100g,1137,3980,202004
낙농·축산가공품,소시지,롯데비앤나(400g),롯데햄,제주도/제주시,대형마트,이마트,이마트신제주점,400g,100g,2145,8580,202004
낙농·축산가공품,소시지,롯데비앤나(400g),롯데햄,제주도/제주시,대형마트,이마트,이마트제주점,400g,100g,2145,8580,202004
낙농·축산가공품,소시지,롯데비앤나(400g),롯데햄,제주도/서귀포시,대형마트,이마트,이마트서귀포점,400g,100g,2145,8580,202004
낙농·축산가공품,소시지,목우촌 주부9단 프랑크 소시지(500g),농협목우촌,제주도/서귀포시,대형마트,이마트,이마트서귀포점,500g,100g,1396,6980,202004
낙농·축산가공품,소시지,의성 마늘 프랑크(350g),롯데햄,제주도/서귀포시,대형마트,이마트,이마트서귀포점,350g,100g,1537,5380,202004
낙농·축산가공품,소시지,의성 마늘 프랑크(350g),롯데햄,제주도/제주시,대형마트,이마트,이마트제주점,350g,100g,1537,5380,202004
낙농·축산가공품,소시지,의성 마늘 프랑크(350g),롯데햄,제주도/제주시,대형마트,이마트,이마트신제주점,350g,100g,1537,5380,202004
낙농·축산가공품,우유,남양유업 맛있는우유GT(1000ml),남양유업,제주도/서귀포시,전통시장,전통시장,매일올레시장,1000ml,100ml,265,2650,202004
낙농·축산가공품,우유,남양유업 맛있는우유GT(1000ml),남양유업,제주도/제주시,전통시장,전통시장,동문시장,1000ml,100ml,265,2650,202004
낙농·축산가공품,우유,남양유업 맛있는우유GT(1000ml),남양유업,제주도/제주시,대형마트,이마트,이마트제주점,1000ml,100ml,252,2520,202004
낙농·축산가공품,우유,남양유업 맛있는우유GT(1000ml),남양유업,제주도/제주시,대형마트,이마트,이마트신제주점,1000ml,100ml,252,2520,202004
낙농·축산가공품,우유,매일우유 오리지널(ESL)(1000ml),매일유업,제주도/서귀포시,전통시장,전통시장,매일올레시장,1000ml,100ml,260,2600,202004
낙농·축산가공품,우유,서울우유 흰우유(1000ml),서울우유,제주도/서귀포시,전통시장,전통시장,매일올레시장,1000ml,100ml,225,2250,202004
낙농·축산가공품,우유,서울우유 흰우유(1000ml),서울우유,제주도/서귀포시,대형마트,이마트,이마트서귀포점,1000ml,100ml,256,2560,202004
낙농·축산가공품,우유,서울우유 흰우유(1000ml),서울우유,제주도/제주시,대형마트,이마트,이마트제주점,1000ml,100ml,256,2560,202004
낙농·축산가공품,우유,서울우유 흰우유(1000ml),서울우유,제주도/제주시,대형마트,이마트,이마트신제주점,1000ml,100ml,256,2560,202004
낙농·축산가공품,우유,파스퇴르우유 후레쉬(930ml),롯데삼강,제주도/서귀포시,대형마트,이마트,이마트서귀포점,930ml,100ml,363,3380,202004
낙농·축산가공품,우유,파스퇴르우유 후레쉬(930ml),롯데삼강,제주도/제주시,대형마트,이마트,이마트제주점,930ml,100ml,363,3380,202004
낙농·축산가공품,치즈,매일유업 뼈로가는 칼슘치즈(180g),매일유업,제주도/서귀포시,전통시장,전통시장,매일올레시장,180g,10g,267,4800,202004
낙농·축산가공품,치즈,매일유업 뼈로가는 칼슘치즈(270g),매일유업,제주도/제주시,대형마트,이마트,이마트제주점,270g,10g,244,6600,202004
낙농·축산가공품,치즈,매일유업 뼈로가는 칼슘치즈(270g),매일유업,제주도/서귀포시,대형마트,이마트,이마트서귀포점,270g,10g,244,6600,202004
낙농·축산가공품,치즈,매일유업 뼈로가는 칼슘치즈(270g),매일유업,제주도/제주시,대형마트,이마트,이마트신제주점,270g,10g,244,6600,202004
낙농·축산가공품,치즈,서울우유 체다슬라이스치즈(400g),서울우유,제주도/제주시,대형마트,이마트,이마트신제주점,400g,10g,165,6600,202004
낙농·축산가공품,치즈,서울우유 체다슬라이스치즈(400g),서울우유,제주도/제주시,대형마트,이마트,이마트제주점,400g,10g,165,6600,202004
낙농·축산가공품,치즈,서울우유 체다슬라이스치즈(400g),서울우유,제주도/서귀포시,전통시장,전통시장,매일올레시장,400g,10g,184,7350,202004
낙농·축산가공품,햄류,스팸,CJ제일제당,제주도/서귀포시,전통시장,전통시장,매일올레시장,340g,10g,1794,6100,202004
낙농·축산가공품,햄류,식빵위의 네모,농협목우촌,제주도/제주시,전통시장,전통시장,동문시장,100g,10g,235,2350,202004
낙농·축산가공품,햄류,참작 참잘만든 슬라이스햄,대상,제주도/서귀포시,전통시장,전통시장,매일올레시장,200g,10g,213,4250,202004
생선류,갈치,갈치(생물),일반,제주도/제주시,전통시장,전통시장,동문시장,100g,100g,3500,3500,202004
생선류,고등어,"고등어(생물, 300~500g)",일반,제주도/서귀포시,전통시장,전통시장,매일올레시장,1마리,1마리,5000,5000,202004
생선류,고등어,"고등어(생물, 300~500g)",일반,제주도/제주시,전통시장,전통시장,동문시장,1마리,1마리,7000,7000,202004
생선류,삼치,삼치(500~700g),일반,제주도/제주시,전통시장,전통시장,동문시장,1마리,1마리,1500,1500,202004
생선류,오징어,"오징어(냉동, 200~300g)",일반,제주도/서귀포시,전통시장,전통시장,매일올레시장,1마리,1마리,5000,5000,202004
생선류,오징어,"오징어(냉동, 200~300g)",일반,제주도/제주시,전통시장,전통시장,동문시장,1마리,1마리,2500,2500,202004
생선류,참조기,부세(200~400g),일반,제주도/제주시,전통시장,전통시장,동문시장,1마리,1마리,5000,5000,202004
세탁·주방·가사용품,고무장갑,올에이 중형 고무장갑,태화지앤지,제주도/서귀포시,전통시장,전통시장,매일올레시장,1개,1개,1800,1800,202004
세탁·주방·가사용품,고무장갑,올에이 중형 고무장갑,태화지앤지,제주도/제주시,전통시장,전통시장,동문시장,1개,1개,1500,1500,202004
세탁·주방·가사용품,고무장갑,크린랩_고무장갑(중) (묶음),크린랩,제주도/서귀포시,대형마트,이마트,이마트서귀포점,2개,1개,2440,4880,202004
세탁·주방·가사용품,랩,크린랩(22cm x 50m),크린랩,제주도/서귀포시,전통시장,전통시장,매일올레시장,50m,1m,70,3500,202004
세탁·주방·가사용품,랩,크린랩(22cm x 50m),크린랩,제주도/서귀포시,대형마트,이마트,이마트서귀포점,50m,1m,84,4180,202004
세탁·주방·가사용품,랩,크린랩(22cm x 50m),크린랩,제주도/제주시,대형마트,이마트,이마트제주점,50m,1m,84,4180,202004
세탁·주방·가사용품,랩,크린랩(22cm x 50m),크린랩,제주도/제주시,대형마트,이마트,이마트신제주점,50m,1m,84,4180,202004
세탁·주방·가사용품,랩,크린랩(22cm x 50m),크린랩,제주도/제주시,전통시장,전통시장,동문시장,50m,1m,69,3470,202004
세탁·주방·가사용품,랩,크린랩(30cm x 50m),크린랩,제주도/제주시,대형마트,이마트,이마트제주점,50m,1m,116,5780,202004
세탁·주방·가사용품,랩,크린랩(30cm x 50m),크린랩,제주도/제주시,전통시장,전통시장,동문시장,50m,1m,96,4800,202004
세탁·주방·가사용품,랩,크린랩(30cm x 50m),크린랩,제주도/서귀포시,전통시장,전통시장,매일올레시장,50m,1m,96,4800,202004
세탁·주방·가사용품,랩,크린랩(30cm x 50m),크린랩,제주도/제주시,대형마트,이마트,이마트신제주점,50m,1m,116,5780,202004
세탁·주방·가사용품,랩,크린랩(30cm x 50m),크린랩,제주도/서귀포시,대형마트,이마트,이마트서귀포점,50m,1m,116,5780,202004
세탁·주방·가사용품,랩,후레쉬랩(25cm x 50m)(3M),한국3M,제주도/서귀포시,전통시장,전통시장,매일올레시장,50m,1m,76,3800,202004
세탁·주방·가사용품,부탄까스,맥스 CRV 폭발방지 부탄가스,맥선,제주도/서귀포시,대형마트,이마트,이마트서귀포점,4개,1개,1198,4790,202004
세탁·주방·가사용품,부탄까스,맥스 CRV 폭발방지 부탄가스,맥선,제주도/제주시,대형마트,이마트,이마트제주점,4개,1개,1198,4790,202004
세탁·주방·가사용품,부탄까스,맥스 CRV 폭발방지 부탄가스,맥선,제주도/제주시,대형마트,이마트,이마트신제주점,4개,1개,1198,4790,202004
세탁·주방·가사용품,부탄까스,썬 부탄가스,태양산업,제주도/서귀포시,대형마트,이마트,이마트서귀포점,4개,1개,998,3990,202004
세탁·주방·가사용품,부탄까스,썬 부탄가스,태양산업,제주도/제주시,대형마트,이마트,이마트신제주점,4개,1개,998,3990,202004
세탁·주방·가사용품,부탄까스,썬 부탄가스,태양산업,제주도/서귀포시,전통시장,전통시장,매일올레시장,4개,1개,1000,4000,202004
세탁·주방·가사용품,부탄까스,썬 부탄가스,태양산업,제주도/제주시,대형마트,이마트,이마트제주점,4개,1개,998,3990,202004
세탁·주방·가사용품,부탄까스,알프스가스,태양산업,제주도/제주시,대형마트,이마트,이마트신제주점,1개,1개,1990,1990,202004
세탁·주방·가사용품,부탄까스,알프스가스,태양산업,제주도/제주시,대형마트,이마트,이마트제주점,1개,1개,1990,1990,202004
세탁·주방·가사용품,부탄까스,알프스가스,태양산업,제주도/서귀포시,전통시장,전통시장,매일올레시장,1개,1개,2800,2800,202004
세탁·주방·가사용품,살균소독제,유한락스 레귤러(1.5L),유한양행,제주도/제주시,전통시장,전통시장,동문시장,1500ml,100ml,247,3700,202004
세탁·주방·가사용품,살균소독제,유한락스 후레쉬(2L),유한양행,제주도/제주시,전통시장,전통시장,동문시장,2000ml,100ml,270,5400,202004
세탁·주방·가사용품,살균소독제,유한락스 후레쉬(2L),유한양행,제주도/서귀포시,전통시장,전통시장,매일올레시장,2000ml,100ml,270,5400,202004
세탁·주방·가사용품,살균소독제,홈스타 향락스(1L),LG생활건강,제주도/서귀포시,전통시장,전통시장,매일올레시장,1000ml,100ml,245,2450,202004
세탁·주방·가사용품,살충제,에프킬라 에어로졸 무향(500ml),에스씨존슨코리아(유),제주도/제주시,대형마트,이마트,이마트제주점,500ml,100ml,1180,5900,202004
세탁·주방·가사용품,살충제,에프킬라 에어로졸 무향(500ml),에스씨존슨코리아(유),제주도/서귀포시,전통시장,전통시장,매일올레시장,500ml,100ml,970,4850,202004
세탁·주방·가사용품,살충제,컴배트 스피드 에어졸(500ml),헨켈홈케어코리아,제주도/제주시,전통시장,전통시장,동문시장,500ml,100ml,1000,5000,202004
세탁·주방·가사용품,살충제,컴배트 스피드 에어졸(500ml),헨켈홈케어코리아,제주도/제주시,대형마트,이마트,이마트제주점,500ml,100ml,980,4900,202004
세탁·주방·가사용품,살충제,컴배트 스피드 에어졸(500ml),헨켈홈케어코리아,제주도/제주시,대형마트,이마트,이마트신제주점,500ml,100ml,980,4900,202004
세탁·주방·가사용품,살충제,컴배트 스피드 에어졸(500ml),헨켈홈케어코리아,제주도/서귀포시,전통시장,전통시장,매일올레시장,500ml,100ml,1030,5150,202004
세탁·주방·가사용품,살충제,컴배트 스피드 에어졸(500ml),헨켈홈케어코리아,제주도/서귀포시,대형마트,이마트,이마트서귀포점,500ml,100ml,980,4900,202004
세탁·주방·가사용품,살충제,홈키파 수성 에어졸(500ml),헨켈홈케어코리아,제주도/제주시,전통시장,전통시장,동문시장,500ml,100ml,1000,5000,202004
세탁·주방·가사용품,살충제,홈키파 수성 에어졸(500ml),헨켈홈케어코리아,제주도/서귀포시,전통시장,전통시장,매일올레시장,500ml,100ml,1000,5000,202004
세탁·주방·가사용품,섬유탈취제,페브리즈 깨끗한 무향(370),한국P&G,제주도/제주시,전통시장,전통시장,동문시장,370ml,100ml,1568,5800,202004
세탁·주방·가사용품,섬유탈취제,페브리즈 깨끗한 무향(370),한국P&G,제주도/서귀포시,전통시장,전통시장,매일올레시장,370ml,100ml,1432,5300,202004
세탁·주방·가사용품,세정제,무균무때(욕실용),피죤,제주도/서귀포시,대형마트,이마트,이마트서귀포점,500ml,100ml,980,4900,202004
세탁·주방·가사용품,세정제,홈스타 곰팡이 싹,LG생활건강,제주도/제주시,전통시장,전통시장,동문시장,480ml,100ml,1188,5700,202004
세탁·주방·가사용품,세탁세제(가루형),"때가 쏙 비트(가루,리필형,4kg)",CJ라이온,제주도/제주시,대형마트,이마트,이마트신제주점,4000g,100g,248,9900,202004
세탁·주방·가사용품,세탁세제(가루형),"때가 쏙 비트(가루,리필형,4kg)",CJ라이온,제주도/제주시,대형마트,이마트,이마트제주점,4000g,100g,248,9900,202004
세탁·주방·가사용품,세탁세제(가루형),"때가 쏙 비트(가루,리필형,4kg)",CJ라이온,제주도/서귀포시,대형마트,이마트,이마트서귀포점,4000g,100g,248,9900,202004
세탁·주방·가사용품,세탁세제(액체형),"테크 UP(액체,일반용,3L)",LG생활건강,제주도/제주시,전통시장,전통시장,동문시장,3000ml,100ml,440,13200,202004
세탁·주방·가사용품,세탁세제(액체형),"퍼실 파워젤(액체,드럼용,2.7L)",헨켈홈케어코리아,제주도/제주시,대형마트,이마트,이마트제주점,2700ml,100ml,807,21800,202004
세탁·주방·가사용품,세탁세제(액체형),"퍼실 파워젤(액체,드럼용,2.7L)",헨켈홈케어코리아,제주도/서귀포시,대형마트,이마트,이마트서귀포점,2700ml,100ml,807,21800,202004
세탁·주방·가사용품,세탁세제(액체형),"퍼실 파워젤(액체,드럼용,2.7L)",헨켈홈케어코리아,제주도/제주시,대형마트,이마트,이마트신제주점,2700ml,100ml,807,21800,202004
세탁·주방·가사용품,세탁세제(액체형),"퍼실 파워젤(액체,일반용,2.7L)",헨켈홈케어코리아,제주도/제주시,대형마트,이마트,이마트제주점,2700ml,100ml,807,21800,202004
세탁·주방·가사용품,세탁세제(액체형),"퍼실 파워젤(액체,일반용,2.7L)",헨켈홈케어코리아,제주도/제주시,대형마트,이마트,이마트신제주점,2700ml,100ml,807,21800,202004
세탁·주방·가사용품,습기제거제,홈스타 제습과 방충을 한번에,LG생활건강,제주도/제주시,전통시장,전통시장,동문시장,3개,1개,1567,4700,202004
세탁·주방·가사용품,위생백,3M후레쉬백,한국3M,제주도/서귀포시,전통시장,전통시장,매일올레시장,150매,1매,15,2200,202004
세탁·주방·가사용품,위생백,뽑아쓰는 크린백,크린랩,제주도/제주시,대형마트,이마트,이마트신제주점,200매,1매,26,5280,202004
세탁·주방·가사용품,위생백,뽑아쓰는 크린백,크린랩,제주도/서귀포시,대형마트,이마트,이마트서귀포점,200매,1매,26,5280,202004
세탁·주방·가사용품,위생백,뽑아쓰는 크린백,크린랩,제주도/제주시,대형마트,이마트,이마트제주점,200매,1매,26,5280,202004
세탁·주방·가사용품,위생백,지퍼락 지퍼백(중),에스씨존슨코리아(유),제주도/서귀포시,전통시장,전통시장,매일올레시장,20매,1매,78,1550,202004
세탁·주방·가사용품,위생백,지퍼락 지퍼백(중),에스씨존슨코리아(유),제주도/제주시,전통시장,전통시장,동문시장,20매,1매,70,1400,202004
세탁·주방·가사용품,위생백,크린백,크린랩,제주도/제주시,전통시장,전통시장,동문시장,100매,1매,14,1400,202004
세탁·주방·가사용품,위생백,크린지퍼백,크린랩,제주도/서귀포시,전통시장,전통시장,매일올레시장,20매,1매,105,2100,202004
세탁·주방·가사용품,주방세제,CJ 참그린 ,CJ라이온,제주도/제주시,전통시장,전통시장,동문시장,965ml,100ml,591,5700,202004
세탁·주방·가사용품,주방세제,자연퐁 솔잎향 세균설거지(용기),LG생활건강,제주도/제주시,전통시장,전통시장,동문시장,980ml,100ml,684,6700,202004
세탁·주방·가사용품,주방세제,항균트리오,애경,제주도/서귀포시,전통시장,전통시장,매일올레시장,970ml,100ml,268,2600,202004
세탁·주방·가사용품,표백제,비트 O2 살균표백제,CJ라이온,제주도/제주시,전통시장,전통시장,동문시장,1500g,100g,567,8500,202004
세탁·주방·가사용품,표백제,산소계표백제 유한젠(1kg),유한양행,제주도/제주시,대형마트,이마트,이마트신제주점,1000g,100g,990,9900,202004
세탁·주방·가사용품,표백제,산소계표백제 유한젠(1kg),유한양행,제주도/서귀포시,대형마트,이마트,이마트서귀포점,1000g,100g,990,9900,202004
세탁·주방·가사용품,표백제,산소계표백제 유한젠(1kg),유한양행,제주도/제주시,대형마트,이마트,이마트제주점,1000g,100g,990,9900,202004
세탁·주방·가사용품,호일,대한웰빙호일 15m*25m,대한,제주도/제주시,대형마트,이마트,이마트제주점,30m,1m,153,4580,202004
세탁·주방·가사용품,호일,대한웰빙호일 15m*25m,대한,제주도/제주시,대형마트,이마트,이마트신제주점,30m,1m,153,4580,202004
세탁·주방·가사용품,호일,대한웰빙호일 15m*25m,대한,제주도/서귀포시,대형마트,이마트,이마트서귀포점,30m,1m,153,4580,202004
세탁·주방·가사용품,호일,롯데호일(25cm x 30m),롯데알미늄,제주도/제주시,전통시장,전통시장,동문시장,30m,1m,162,4850,202004
세탁·주방·가사용품,호일,롯데호일(30cm x 30m) ,롯데알미늄,제주도/제주시,전통시장,전통시장,동문시장,30m,1m,188,5650,202004
세탁·주방·가사용품,호일,쿠킹호일(25cm x 30m)(삼아),삼아알미늄,제주도/서귀포시,전통시장,전통시장,매일올레시장,30m,1m,167,5000,202004
수산가공품,김밥김,두번 구워 김밥이 더욱 향긋한 김밥김,풀무원,제주도/제주시,전통시장,전통시장,동문시장,10매,1매,250,2500,202004
수산가공품,김밥김,양반 구운 김밥김,동원,제주도/서귀포시,전통시장,전통시장,매일올레시장,10매,1매,250,2500,202004
수산가공품,김밥김,양반 구운 김밥김,동원,제주도/제주시,전통시장,전통시장,동문시장,10매,1매,240,2400,202004
수산가공품,김밥김,햇바삭김 김밥김,CJ제일제당,제주도/제주시,전통시장,전통시장,동문시장,10매,1매,175,1750,202004
수산가공품,맛김,들기름 재래 도시락김,풀무원,제주도/제주시,전통시장,전통시장,동문시장,12팩,1팩,415,4980,202004
수산가공품,맛김,양반 들기름이 그윽한 김,동원,제주도/서귀포시,전통시장,전통시장,매일올레시장,16팩,1팩,280,4480,202004
수산가공품,맛살,삼호맛살,CJ씨푸드,제주도/제주시,전통시장,전통시장,동문시장,270g,100g,722,1950,202004
수산가공품,생선통조림,동원 꽁치,동원F&B,제주도/제주시,전통시장,전통시장,동문시장,400g,100g,650,2600,202004
수산가공품,생선통조림,동원 꽁치,동원F&B,제주도/서귀포시,전통시장,전통시장,매일올레시장,400g,100g,538,2150,202004
수산가공품,생선통조림,사조 꽁치,사조대림,제주도/제주시,전통시장,전통시장,동문시장,400g,100g,575,2300,202004
수산가공품,생선통조림,샘표 김치찌개용 꽁치,샘표,제주도/제주시,대형마트,이마트,이마트신제주점,400g,100g,995,3980,202004
수산가공품,생선통조림,샘표 김치찌개용 꽁치,샘표,제주도/서귀포시,전통시장,전통시장,매일올레시장,400g,100g,850,3400,202004
수산가공품,생선통조림,샘표 김치찌개용 꽁치,샘표,제주도/제주시,전통시장,전통시장,동문시장,400g,100g,925,3700,202004
수산가공품,생선통조림,샘표 김치찌개용 꽁치,샘표,제주도/서귀포시,대형마트,이마트,이마트서귀포점,400g,100g,995,3980,202004
수산가공품,생선통조림,샘표 김치찌개용 꽁치,샘표,제주도/제주시,대형마트,이마트,이마트제주점,400g,100g,995,3980,202004
수산가공품,어묵,대림선어묵 부산어묵,사조대림,제주도/제주시,전통시장,전통시장,동문시장,200g,100g,550,1100,202004
수산가공품,참치캔,동원참치 라이트스탠다드(단품),동원,제주도/제주시,전통시장,전통시장,동문시장,150g,10g,197,2950,202004
수산가공품,참치캔,동원참치 라이트스탠다드(묶음),동원,제주도/서귀포시,대형마트,이마트,이마트서귀포점,450g,10g,177,7980,202004
수산가공품,참치캔,동원참치 라이트스탠다드(묶음),동원,제주도/제주시,대형마트,이마트,이마트제주점,450g,10g,177,7980,202004
수산가공품,참치캔,동원참치 라이트스탠다드(묶음),동원,제주도/제주시,대형마트,이마트,이마트신제주점,450g,10g,177,7980,202004
수산가공품,참치캔,마일드참치(단품),오뚜기,제주도/제주시,전통시장,전통시장,동문시장,150g,10g,100,1500,202004
수산가공품,참치캔,사조참치 살코기 안심따개,사조대림,제주도/서귀포시,전통시장,전통시장,매일올레시장,100g,10g,1000,1000,202004
의약외품,구강청정제,가그린 레귤러,동아제약,제주도/제주시,전통시장,전통시장,동문시장,250ml,10ml,138,3450,202004
의약외품,구강청정제,가그린 레귤러,동아제약,제주도/서귀포시,전통시장,전통시장,매일올레시장,250ml,10ml,124,3100,202004
의약외품,소화제,까스명수(단품),삼성제약,제주도/서귀포시,전통시장,전통시장,매일올레시장,75ml,10ml,107,800,202004
의약외품,피로회복제,박카스F(120ml*10병),동아제약,제주도/서귀포시,대형마트,이마트,이마트서귀포점,1200ml,10ml,62,7480,202004
의약외품,피로회복제,박카스F(120ml*10병),동아제약,제주도/제주시,대형마트,이마트,이마트제주점,1200ml,10ml,62,7480,202004
의약외품,피로회복제,박카스F(120ml*10병),동아제약,제주도/제주시,전통시장,전통시장,동문시장,1200ml,10ml,71,8500,202004
의약외품,피로회복제,박카스F(120ml*10병),동아제약,제주도/제주시,대형마트,이마트,이마트신제주점,1200ml,10ml,62,7480,202004
의약외품,피로회복제,"박카스F(120ml,단품)",동아제약,제주도/제주시,전통시장,전통시장,동문시장,120ml,10ml,71,850,202004
의약외품,피로회복제,"박카스F(120ml,단품)",동아제약,제주도/서귀포시,전통시장,전통시장,매일올레시장,120ml,10ml,54,650,202004
의약외품,피로회복제,영진 구론산 바몬드 오리지날(150ml*10병),해태음료,제주도/제주시,대형마트,이마트,이마트제주점,1500ml,10ml,65,9800,202004
의약외품,피로회복제,영진 구론산 바몬드 오리지날(150ml*10병),해태음료,제주도/서귀포시,대형마트,이마트,이마트서귀포점,1500ml,10ml,65,9800,202004
의약외품,피로회복제,영진 구론산 바몬드 오리지날(150ml*10병),해태음료,제주도/제주시,대형마트,이마트,이마트신제주점,1500ml,10ml,65,9800,202004
이미용품,곽티슈,크리넥스 디럭스(갤러리) 250매X3개입,유한킴벌리,제주도/제주시,전통시장,전통시장,동문시장,3개,1개,2467,7400,202004
이미용품,두루마리화장지,크리넥스 데코 앤 소프트 3겹,유한킴벌리,제주도/제주시,전통시장,전통시장,동문시장,24롤,1롤,992,23800,202004
이미용품,립케어,뉴트로지나 립 모이스춰라이저(4g),한국존슨앤존슨,제주도/제주시,전통시장,전통시장,동문시장,4g,1g,1250,5000,202004
이미용품,립케어,니베아 에센셜 케어(4.8g),바이어스도르프코리아,제주도/제주시,대형마트,이마트,이마트신제주점,5g,1g,660,3300,202004
이미용품,립케어,니베아 에센셜 케어(4.8g),바이어스도르프코리아,제주도/제주시,대형마트,이마트,이마트제주점,5g,1g,660,3300,202004
이미용품,립케어,니베아 에센셜 케어(4.8g),바이어스도르프코리아,제주도/서귀포시,대형마트,이마트,이마트서귀포점,5g,1g,660,3300,202004
이미용품,립케어,챕스틱 딸기(4.2g),한국화이자제약,제주도/제주시,전통시장,전통시장,동문시장,4g,1g,825,3300,202004
이미용품,물휴지,"그린핑거 알로에베라 물티슈(캡형,64매*6개입)",유한킴벌리,제주도/제주시,전통시장,전통시장,동문시장,6개,1개,1983,11900,202004
이미용품,물휴지,"크리넥스 수앤수(캡형,70매*6개입)",유한킴벌리,제주도/서귀포시,대형마트,이마트,이마트서귀포점,6개,1개,2150,12900,202004
이미용품,물휴지,"크리넥스 수앤수(캡형,70매*6개입)",유한킴벌리,제주도/제주시,대형마트,이마트,이마트제주점,6개,1개,2150,12900,202004
이미용품,물휴지,"크리넥스 수앤수(캡형,70매*6개입)",유한킴벌리,제주도/제주시,대형마트,이마트,이마트신제주점,6개,1개,2150,12900,202004
이미용품,바디워시,도브 뷰티 너리싱 바디워시,유니레버코리아,제주도/제주시,전통시장,전통시장,동문시장,800ml,100ml,713,5700,202004
이미용품,바디워시,도브 뷰티 너리싱 바디워시,유니레버코리아,제주도/서귀포시,전통시장,전통시장,매일올레시장,800ml,100ml,900,7200,202004
이미용품,바디워시,도브 센스티브스킨 바디워시 ,유니레버코리아,제주도/서귀포시,전통시장,전통시장,매일올레시장,800ml,100ml,850,6800,202004
이미용품,바디워시,도브 센스티브스킨 바디워시 ,유니레버코리아,제주도/제주시,전통시장,전통시장,동문시장,800ml,100ml,713,5700,202004
이미용품,바디워시,세이 온더바디 고보습 아이리스,LG생활건강,제주도/서귀포시,대형마트,이마트,이마트서귀포점,900ml,100ml,1511,13600,202004
이미용품,바디워시,세이 온더바디 고보습 아이리스,LG생활건강,제주도/제주시,대형마트,이마트,이마트제주점,900ml,100ml,1511,13600,202004
이미용품,바디워시,세이 온더바디 고보습 아이리스,LG생활건강,제주도/제주시,전통시장,전통시장,동문시장,900ml,100ml,911,8200,202004
이미용품,바디워시,세이 온더바디 고보습 아이리스,LG생활건강,제주도/제주시,대형마트,이마트,이마트신제주점,900ml,100ml,1511,13600,202004
이미용품,바디워시,해피바스 로즈에센스 로맨틱 바디워시,아모레퍼시픽,제주도/제주시,전통시장,전통시장,동문시장,900ml,100ml,744,6700,202004
이미용품,바디워시,해피바스 로즈에센스 로맨틱 바디워시,아모레퍼시픽,제주도/서귀포시,전통시장,전통시장,매일올레시장,900ml,100ml,833,7500,202004
이미용품,베이비로션,JB 뉴 베드타임 로션,한국존슨앤존슨,제주도/제주시,대형마트,이마트,이마트제주점,500ml,100ml,3580,17900,202004
이미용품,베이비로션,JB 뉴 베드타임 로션,한국존슨앤존슨,제주도/제주시,대형마트,이마트,이마트신제주점,500ml,100ml,3580,17900,202004
이미용품,베이비로션,JB 뉴 베드타임 로션,한국존슨앤존슨,제주도/서귀포시,대형마트,이마트,이마트서귀포점,500ml,100ml,3580,17900,202004
이미용품,베이비로션,그린핑거 촉촉한자연보습 베이비로션,유한킴벌리,제주도/제주시,전통시장,전통시장,동문시장,320ml,100ml,7188,23000,202004
이미용품,베이비로션,아비노베이비데일리모이스춰로션,한국존슨앤존슨,제주도/서귀포시,대형마트,이마트,이마트서귀포점,354ml,100ml,6215,22000,202004
이미용품,베이비로션,아비노베이비데일리모이스춰로션,한국존슨앤존슨,제주도/제주시,대형마트,이마트,이마트신제주점,354ml,100ml,6215,22000,202004
이미용품,생리대,바디피트 볼록맞춤울트라중형,LG생활건강,제주도/제주시,대형마트,이마트,이마트신제주점,32개,1개,306,9800,202004
이미용품,생리대,바디피트 볼록맞춤울트라중형,LG생활건강,제주도/제주시,대형마트,이마트,이마트제주점,32개,1개,306,9800,202004
이미용품,생리대,바디피트 볼록맞춤울트라중형,LG생활건강,제주도/서귀포시,대형마트,이마트,이마트서귀포점,32개,1개,306,9800,202004
이미용품,생리대,"좋은느낌 좋은순면(울트라 날개 중형,36개입)",유한킴벌리,제주도/제주시,대형마트,이마트,이마트제주점,36개,1개,331,11900,202004
이미용품,생리대,"좋은느낌 좋은순면(울트라 날개 중형,36개입)",유한킴벌리,제주도/제주시,대형마트,이마트,이마트신제주점,36개,1개,331,11900,202004
이미용품,생리대,"좋은느낌 좋은순면(울트라 날개 중형,36개입)",유한킴벌리,제주도/서귀포시,대형마트,이마트,이마트서귀포점,36개,1개,331,11900,202004
이미용품,생리대,"좋은느낌(울트라슬림 에어핏쿠션 날개 중형,36개입)",유한킴벌리,제주도/제주시,대형마트,이마트,이마트제주점,36개,1개,303,10900,202004
이미용품,생리대,"좋은느낌(울트라슬림 에어핏쿠션 날개 중형,36개입)",유한킴벌리,제주도/제주시,전통시장,전통시장,동문시장,36개,1개,272,9800,202004
이미용품,생리대,"좋은느낌(울트라슬림 에어핏쿠션 날개 중형,36개입)",유한킴벌리,제주도/서귀포시,대형마트,이마트,이마트서귀포점,36개,1개,303,10900,202004
이미용품,생리대,"좋은느낌(울트라슬림 에어핏쿠션 날개 중형,36개입)",유한킴벌리,제주도/제주시,대형마트,이마트,이마트신제주점,36개,1개,303,10900,202004
이미용품,세면용비누,도브 뷰티바,유니레버코리아,제주도/제주시,대형마트,이마트,이마트제주점,4개,1개,1588,6350,202004
이미용품,세면용비누,도브 뷰티바,유니레버코리아,제주도/서귀포시,대형마트,이마트,이마트서귀포점,4개,1개,1588,6350,202004
이미용품,세면용비누,도브 뷰티바,유니레버코리아,제주도/제주시,대형마트,이마트,이마트신제주점,4개,1개,1588,6350,202004
이미용품,세면용비누,드봉 스위트로즈,LG생활건강,제주도/제주시,대형마트,이마트,이마트신제주점,4개,1개,863,3450,202004
이미용품,세면용비누,드봉 스위트로즈,LG생활건강,제주도/제주시,대형마트,이마트,이마트제주점,4개,1개,863,3450,202004
이미용품,세면용비누,드봉 스위트로즈,LG생활건강,제주도/서귀포시,대형마트,이마트,이마트서귀포점,4개,1개,863,3450,202004
이미용품,세면용비누,해피바스 허브 라벤더 아로마 바,아모레퍼시픽,제주도/서귀포시,대형마트,이마트,이마트서귀포점,4개,1개,988,3950,202004
이미용품,세면용비누,해피바스 허브 라벤더 아로마 바,아모레퍼시픽,제주도/제주시,대형마트,이마트,이마트신제주점,4개,1개,988,3950,202004
이미용품,세면용비누,해피바스 허브 라벤더 아로마 바,아모레퍼시픽,제주도/제주시,대형마트,이마트,이마트제주점,4개,1개,988,3950,202004
이미용품,손세정제,아이!깨끗해 항균폼 상큼레몬향,CJ라이온,제주도/서귀포시,전통시장,전통시장,매일올레시장,250ml,100ml,2280,5700,202004
이미용품,손세정제,아이!깨끗해 항균폼 상큼레몬향,CJ라이온,제주도/제주시,대형마트,이마트,이마트제주점,250ml,100ml,2360,5900,202004
이미용품,손세정제,해피바스 항균 레몬그라스 핸드워시,아모레퍼시픽,제주도/제주시,전통시장,전통시장,동문시장,250ml,100ml,1880,4700,202004
이미용품,썬크림,니베아 Face Sun Block Moisturizing Cream,니베아,제주도/서귀포시,전통시장,전통시장,매일올레시장,50ml,10ml,3600,18000,202004
이미용품,썬크림,니베아 Fresh Sun Lotion,니베아,제주도/서귀포시,전통시장,전통시장,매일올레시장,125ml,10ml,1160,14500,202004
이미용품,썬크림,니베아 Fresh Sun Lotion,니베아,제주도/제주시,전통시장,전통시장,동문시장,125ml,10ml,1280,16000,202004
이미용품,썬크림,페이스선블럭 화이트닝,니베아,제주도/제주시,전통시장,전통시장,동문시장,50ml,10ml,3600,18000,202004
이미용품,염색약,리엔 흑모비책크림염색 자연갈색,LG생활건강,제주도/제주시,대형마트,이마트,이마트신제주점,60g,10g,1650,9900,202004
이미용품,염색약,리엔 흑모비책크림염색 자연갈색,LG생활건강,제주도/제주시,대형마트,이마트,이마트제주점,60g,10g,1650,9900,202004
이미용품,염색약,리엔 흑모비책크림염색 자연갈색,LG생활건강,제주도/서귀포시,대형마트,이마트,이마트서귀포점,60g,10g,1650,9900,202004
이미용품,염색약,미쟝센 쉽고빠른거품염색(3N 흑갈색),아모레퍼시픽,제주도/서귀포시,대형마트,이마트,이마트서귀포점,40g,10g,1875,7500,202004
이미용품,염색약,미쟝센 쉽고빠른거품염색(3N 흑갈색),아모레퍼시픽,제주도/제주시,대형마트,이마트,이마트신제주점,40g,10g,1875,7500,202004
이미용품,염색약,미쟝센 쉽고빠른거품염색(3N 흑갈색),아모레퍼시픽,제주도/제주시,전통시장,전통시장,동문시장,40g,10g,4000,16000,202004
이미용품,일반린스,미장센 펄샤이닝모이스쳐 린스,아모레퍼시픽,제주도/서귀포시,전통시장,전통시장,매일올레시장,780ml,100ml,795,6200,202004
이미용품,일반린스,미장센 펄샤이닝모이스쳐 린스,아모레퍼시픽,제주도/제주시,전통시장,전통시장,동문시장,780ml,100ml,769,6000,202004
이미용품,일반린스,팬틴 바운시 볼륨케어 컨디셔닝 린스,한국P&G,제주도/제주시,전통시장,전통시장,동문시장,850ml,100ml,588,5000,202004
이미용품,일반면도날,PACE 6 면도날,도루코,제주도/제주시,대형마트,이마트,이마트제주점,4개,1개,4225,16900,202004
이미용품,일반면도날,PACE 6 면도날,도루코,제주도/제주시,대형마트,이마트,이마트신제주점,4개,1개,4225,16900,202004
이미용품,일반면도날,PACE 6 면도날,도루코,제주도/서귀포시,대형마트,이마트,이마트서귀포점,4개,1개,4225,16900,202004
이미용품,일반면도날,마하3 면도날,질레트,제주도/제주시,전통시장,전통시장,동문시장,4개,1개,5000,20000,202004
이미용품,일반면도날,하이드로5 면도날,쉬크,제주도/제주시,전통시장,전통시장,동문시장,4개,1개,4350,17400,202004
이미용품,일반샴푸,려 함빛 극손상케어 샴푸,아모레퍼시픽,제주도/서귀포시,전통시장,전통시장,매일올레시장,400ml,100ml,2750,11000,202004
이미용품,일반샴푸,미장센 펄샤이닝모이스쳐 샴푸,아모레퍼시픽,제주도/제주시,전통시장,전통시장,동문시장,780ml,100ml,769,6000,202004
이미용품,일반샴푸,미장센 펄샤이닝모이스쳐 샴푸,아모레퍼시픽,제주도/서귀포시,전통시장,전통시장,매일올레시장,780ml,100ml,795,6200,202004
이미용품,종이기저귀,하기스 프리미어 플러스 남아용 대형(60매 4단계),유한킴벌리,제주도/제주시,전통시장,전통시장,동문시장,60매,1매,497,29800,202004
이미용품,종이기저귀,하기스 프리미어 플러스 남아용 대형(60매 4단계),유한킴벌리,제주도/서귀포시,전통시장,전통시장,매일올레시장,60매,1매,497,29800,202004
이미용품,치약,어드밴스 캐비티(블루) 120g*3입,애경,제주도/제주시,대형마트,이마트,이마트제주점,360g,10g,247,8900,202004
이미용품,치약,어드밴스 캐비티(블루) 120g*3입,애경,제주도/서귀포시,대형마트,이마트,이마트서귀포점,360g,10g,247,8900,202004
이미용품,치약,어드밴스 캐비티(블루) 120g*3입,애경,제주도/제주시,대형마트,이마트,이마트신제주점,360g,10g,247,8900,202004
이미용품,치약,페리오 캐비티케어(묶음),LG생활건강,제주도/제주시,전통시장,전통시장,동문시장,360g,10g,164,5900,202004
이미용품,치약,페리오 캐비티케어(묶음),LG생활건강,제주도/제주시,대형마트,이마트,이마트제주점,360g,10g,275,9900,202004
이미용품,치약,페리오 캐비티케어(묶음),LG생활건강,제주도/제주시,대형마트,이마트,이마트신제주점,360g,10g,275,9900,202004
이미용품,치약,페리오 캐비티케어(묶음),LG생활건강,제주도/서귀포시,대형마트,이마트,이마트서귀포점,360g,10g,275,9900,202004
이미용품,칫솔,오랄비 크로스액션(35모)(3개입),한국P&G,제주도/제주시,대형마트,이마트,이마트신제주점,3개,1개,3967,11900,202004
이미용품,칫솔,오랄비 크로스액션(35모)(3개입),한국P&G,제주도/서귀포시,대형마트,이마트,이마트서귀포점,3개,1개,3967,11900,202004
이미용품,칫솔,오랄비 크로스액션(35모)(3개입),한국P&G,제주도/제주시,대형마트,이마트,이마트제주점,3개,1개,3967,11900,202004
이미용품,칫솔,오랄비 크로스액션(35모)(3개입),한국P&G,제주도/서귀포시,전통시장,전통시장,매일올레시장,3개,1개,3333,10000,202004
이미용품,클렌징폼,뉴트로지나 딥클린 포밍 클렌저(175g),한국존슨앤존슨,제주도/서귀포시,대형마트,이마트,이마트서귀포점,175g,10g,771,13500,202004
이미용품,클렌징폼,해피바스 솝베리 클렌징 폼(175g),아모레퍼시픽,제주도/제주시,전통시장,전통시장,동문시장,175g,10g,674,11800,202004
이미용품,클렌징폼,해피바스 솝베리 클렌징 폼(175g),아모레퍼시픽,제주도/서귀포시,대형마트,이마트,이마트서귀포점,175g,10g,629,11000,202004
이미용품,클렌징폼,해피바스 솝베리 클렌징 폼(175g),아모레퍼시픽,제주도/제주시,대형마트,이마트,이마트신제주점,175g,10g,629,11000,202004
이미용품,클렌징폼,해피바스 솝베리 클렌징 폼(175g),아모레퍼시픽,제주도/제주시,대형마트,이마트,이마트제주점,175g,10g,629,11000,202004
이미용품,핸드로션,Neut.핸드크림,한국존슨앤존슨,제주도/서귀포시,전통시장,전통시장,매일올레시장,56g,10g,1304,7300,202004
이미용품,핸드로션,Neut.핸드크림,한국존슨앤존슨,제주도/제주시,전통시장,전통시장,동문시장,56g,10g,1411,7900,202004
이미용품,핸드로션,해피바스 내추럴24핸드크림,아모레퍼시픽,제주도/제주시,전통시장,전통시장,동문시장,60g,10g,1417,8500,202004
정육·난류,돼지고기,돼지고기 목살,일반,제주도/서귀포시,전통시장,전통시장,매일올레시장,100g,100g,2600,2600,202004
정육·난류,돼지고기,돼지고기 목살,일반,제주도/제주시,전통시장,전통시장,동문시장,100g,100g,2200,2200,202004
정육·난류,돼지고기,돼지고기 삼겹살,삼겹살,제주도/서귀포시,전통시장,전통시장,매일올레시장,100g,100g,2200,2200,202004
정육·난류,돼지고기,돼지고기 삼겹살,삼겹살,제주도/제주시,전통시장,전통시장,동문시장,100g,100g,2200,2200,202004
정육·난류,쇠고기,쇠고기 등심(1+등급),등심,제주도/서귀포시,전통시장,전통시장,매일올레시장,100g,100g,12000,12000,202004
정육·난류,쇠고기,쇠고기 등심(1+등급),등심,제주도/제주시,전통시장,전통시장,동문시장,100g,100g,7500,7500,202004
정육·난류,쇠고기,쇠고기 불고기(1+등급),불고기,제주도/제주시,전통시장,전통시장,동문시장,100g,100g,5000,5000,202004
정육·난류,쇠고기,쇠고기 불고기(1+등급),불고기,제주도/서귀포시,전통시장,전통시장,매일올레시장,100g,100g,6000,6000,202004
조미료·장류·식용유,간장,양조간장 501,샘표,제주도/서귀포시,전통시장,전통시장,매일올레시장,500ml,100ml,810,4050,202004
조미료·장류·식용유,간장,진간장 금F3,샘표,제주도/제주시,대형마트,이마트,이마트신제주점,930ml,100ml,589,5480,202004
조미료·장류·식용유,간장,진간장 금F3,샘표,제주도/제주시,전통시장,전통시장,동문시장,930ml,100ml,688,6400,202004
조미료·장류·식용유,간장,진간장 금F3,샘표,제주도/서귀포시,대형마트,이마트,이마트서귀포점,930ml,100ml,589,5480,202004
조미료·장류·식용유,간장,진간장 금F3,샘표,제주도/제주시,대형마트,이마트,이마트제주점,930ml,100ml,589,5480,202004
조미료·장류·식용유,고추장,순창 오리지널 우리쌀 찰고추장 ,대상,제주도/제주시,대형마트,이마트,이마트신제주점,1000g,100g,890,8900,202004
조미료·장류·식용유,고추장,순창 오리지널 우리쌀 찰고추장 ,대상,제주도/제주시,전통시장,전통시장,동문시장,1000g,100g,1420,14200,202004
조미료·장류·식용유,고추장,순창 오리지널 우리쌀 찰고추장 ,대상,제주도/서귀포시,대형마트,이마트,이마트서귀포점,1000g,100g,890,8900,202004
조미료·장류·식용유,고추장,순창 오리지널 우리쌀 찰고추장 ,대상,제주도/제주시,대형마트,이마트,이마트제주점,1000g,100g,890,8900,202004
조미료·장류·식용유,고추장,순창 오리지널 우리쌀 찰고추장 ,대상,제주도/서귀포시,전통시장,전통시장,매일올레시장,1000g,100g,1370,13700,202004
조미료·장류·식용유,고추장,해찬들 우리쌀태양초골드,CJ제일제당,제주도/제주시,대형마트,이마트,이마트제주점,1000g,100g,1470,14700,202004
조미료·장류·식용유,고추장,해찬들 우리쌀태양초골드,CJ제일제당,제주도/서귀포시,대형마트,이마트,이마트서귀포점,1000g,100g,1470,14700,202004
조미료·장류·식용유,고추장,해찬들 우리쌀태양초골드,CJ제일제당,제주도/제주시,전통시장,전통시장,동문시장,1000g,100g,900,9000,202004
조미료·장류·식용유,고추장,해찬들 우리쌀태양초골드,CJ제일제당,제주도/서귀포시,전통시장,전통시장,매일올레시장,1000g,100g,1538,15380,202004
조미료·장류·식용유,고추장,해찬들 우리쌀태양초골드,CJ제일제당,제주도/제주시,대형마트,이마트,이마트신제주점,1000g,100g,1470,14700,202004
조미료·장류·식용유,과일통조림,동원복숭아(황도) 슬라이스,동원F&B,제주도/서귀포시,전통시장,전통시장,매일올레시장,400g,100g,375,1500,202004
조미료·장류·식용유,과일통조림,동원복숭아(황도) 슬라이스,동원F&B,제주도/제주시,전통시장,전통시장,동문시장,400g,100g,500,2000,202004
조미료·장류·식용유,과일통조림,샘표황도,샘표,제주도/서귀포시,전통시장,전통시장,매일올레시장,400g,100g,400,1600,202004
조미료·장류·식용유,과일통조림,샘표황도,샘표,제주도/제주시,전통시장,전통시장,동문시장,400g,100g,375,1500,202004
조미료·장류·식용유,과일통조림,오뚜기황도,오뚜기,제주도/제주시,대형마트,이마트,이마트신제주점,400g,100g,395,1580,202004
조미료·장류·식용유,과일통조림,오뚜기황도,오뚜기,제주도/제주시,전통시장,전통시장,동문시장,400g,100g,300,1200,202004
조미료·장류·식용유,과일통조림,오뚜기황도,오뚜기,제주도/서귀포시,대형마트,이마트,이마트서귀포점,400g,100g,395,1580,202004
조미료·장류·식용유,과일통조림,오뚜기황도,오뚜기,제주도/제주시,대형마트,이마트,이마트제주점,400g,100g,395,1580,202004
조미료·장류·식용유,굴소스,백설 남해굴소스(210g),CJ제일제당,제주도/제주시,대형마트,이마트,이마트제주점,210g,10g,142,2980,202004
조미료·장류·식용유,굴소스,백설 남해굴소스(210g),CJ제일제당,제주도/제주시,대형마트,이마트,이마트신제주점,210g,10g,142,2980,202004
조미료·장류·식용유,굴소스,백설 남해굴소스(210g),CJ제일제당,제주도/서귀포시,대형마트,이마트,이마트서귀포점,210g,10g,142,2980,202004
조미료·장류·식용유,굴소스,백설 남해굴소스(210g),CJ제일제당,제주도/제주시,전통시장,전통시장,동문시장,210g,10g,150,3150,202004
조미료·장류·식용유,굴소스,이금기 팬더 굴소스(255g),오뚜기,제주도/제주시,대형마트,이마트,이마트제주점,255g,10g,78,1980,202004
조미료·장류·식용유,굴소스,이금기 팬더 굴소스(255g),오뚜기,제주도/제주시,대형마트,이마트,이마트신제주점,255g,10g,78,1980,202004
조미료·장류·식용유,굴소스,이금기 팬더 굴소스(255g),오뚜기,제주도/서귀포시,대형마트,이마트,이마트서귀포점,255g,10g,78,1980,202004
조미료·장류·식용유,굴소스,이금기 팬더 굴소스(255g),오뚜기,제주도/제주시,전통시장,전통시장,동문시장,255g,10g,98,2500,202004
조미료·장류·식용유,굴소스,청정원 프리미엄 굴소스(260g),대상,제주도/제주시,대형마트,이마트,이마트제주점,260g,10g,158,4100,202004
조미료·장류·식용유,굴소스,청정원 프리미엄 굴소스(260g),대상,제주도/제주시,대형마트,이마트,이마트신제주점,260g,10g,158,4100,202004
조미료·장류·식용유,굴소스,청정원 프리미엄 굴소스(260g),대상,제주도/서귀포시,대형마트,이마트,이마트서귀포점,260g,10g,158,4100,202004
조미료·장류·식용유,굴소스,청정원 프리미엄 굴소스(260g),대상,제주도/서귀포시,전통시장,전통시장,매일올레시장,260g,10g,154,4000,202004
조미료·장류·식용유,굴소스,청정원 프리미엄 굴소스(260g),대상,제주도/제주시,전통시장,전통시장,동문시장,260g,10g,162,4200,202004
조미료·장류·식용유,된장,샘표 시골집 토장(900g),샘표,제주도/제주시,대형마트,이마트,이마트제주점,900g,100g,989,8900,202004
조미료·장류·식용유,된장,샘표 시골집 토장(900g),샘표,제주도/서귀포시,대형마트,이마트,이마트서귀포점,900g,100g,989,8900,202004
조미료·장류·식용유,된장,샘표 시골집 토장(900g),샘표,제주도/서귀포시,전통시장,전통시장,매일올레시장,900g,100g,1156,10400,202004
조미료·장류·식용유,된장,샘표 시골집 토장(900g),샘표,제주도/제주시,대형마트,이마트,이마트신제주점,900g,100g,989,8900,202004
조미료·장류·식용유,된장,순창재래식안심생된장 ,대상,제주도/제주시,전통시장,전통시장,동문시장,1000g,100g,680,6800,202004
조미료·장류·식용유,된장,순창재래식안심생된장 ,대상,제주도/서귀포시,전통시장,전통시장,매일올레시장,1000g,100g,430,4300,202004
조미료·장류·식용유,된장,순창재래식안심생된장 ,대상,제주도/서귀포시,대형마트,이마트,이마트서귀포점,1000g,100g,498,4980,202004
조미료·장류·식용유,된장,순창재래식안심생된장 ,대상,제주도/제주시,대형마트,이마트,이마트제주점,1000g,100g,498,4980,202004
조미료·장류·식용유,된장,순창재래식안심생된장 ,대상,제주도/제주시,대형마트,이마트,이마트신제주점,1000g,100g,498,4980,202004
조미료·장류·식용유,된장,해찬들 재래식 된장 ,CJ제일제당,제주도/제주시,대형마트,이마트,이마트신제주점,1000g,100g,670,6700,202004
조미료·장류·식용유,된장,해찬들 재래식 된장 ,CJ제일제당,제주도/제주시,전통시장,전통시장,동문시장,1000g,100g,480,4800,202004
조미료·장류·식용유,된장,해찬들 재래식 된장 ,CJ제일제당,제주도/서귀포시,전통시장,전통시장,매일올레시장,1000g,100g,695,6950,202004
조미료·장류·식용유,된장,해찬들 재래식 된장 ,CJ제일제당,제주도/서귀포시,대형마트,이마트,이마트서귀포점,1000g,100g,670,6700,202004
조미료·장류·식용유,된장,해찬들 재래식 된장 ,CJ제일제당,제주도/제주시,대형마트,이마트,이마트제주점,1000g,100g,670,6700,202004
조미료·장류·식용유,딸기잼,딸기잼 ,오뚜기,제주도/서귀포시,전통시장,전통시장,매일올레시장,500g,100g,590,2950,202004
조미료·장류·식용유,딸기잼,딸기잼 ,오뚜기,제주도/제주시,전통시장,전통시장,동문시장,500g,100g,590,2950,202004
조미료·장류·식용유,딸기잼,복음자리 딸기잼,복음자리,제주도/서귀포시,전통시장,전통시장,매일올레시장,370g,100g,1324,4900,202004
조미료·장류·식용유,딸기잼,복음자리 딸기잼,복음자리,제주도/제주시,전통시장,전통시장,동문시장,370g,100g,1338,4950,202004
조미료·장류·식용유,마요네즈,고소한골드마요네즈(오뚜기),오뚜기,제주도/제주시,대형마트,이마트,이마트신제주점,500g,100g,588,2940,202004
조미료·장류·식용유,마요네즈,고소한골드마요네즈(오뚜기),오뚜기,제주도/제주시,전통시장,전통시장,동문시장,500g,100g,866,4330,202004
조미료·장류·식용유,마요네즈,고소한골드마요네즈(오뚜기),오뚜기,제주도/서귀포시,대형마트,이마트,이마트서귀포점,500g,100g,588,2940,202004
조미료·장류·식용유,마요네즈,고소한골드마요네즈(오뚜기),오뚜기,제주도/서귀포시,전통시장,전통시장,매일올레시장,500g,100g,840,4200,202004
조미료·장류·식용유,마요네즈,고소한골드마요네즈(오뚜기),오뚜기,제주도/제주시,대형마트,이마트,이마트제주점,500g,100g,588,2940,202004
조미료·장류·식용유,마요네즈,고소한마요네즈(대상),대상,제주도/서귀포시,대형마트,이마트,이마트서귀포점,500g,100g,726,3630,202004
조미료·장류·식용유,마요네즈,고소한마요네즈(대상),대상,제주도/제주시,대형마트,이마트,이마트제주점,500g,100g,726,3630,202004
조미료·장류·식용유,마요네즈,고소한마요네즈(대상),대상,제주도/제주시,전통시장,전통시장,동문시장,500g,100g,750,3750,202004
조미료·장류·식용유,마요네즈,고소한마요네즈(대상),대상,제주도/서귀포시,전통시장,전통시장,매일올레시장,500g,100g,720,3600,202004
조미료·장류·식용유,멸치액젓,청정원 제주모슬포 멸치액젓(618ml),대상,제주도/제주시,전통시장,전통시장,동문시장,618ml,100ml,825,5100,202004
조미료·장류·식용유,멸치액젓,청정원 제주모슬포 멸치액젓(618ml),대상,제주도/서귀포시,전통시장,전통시장,매일올레시장,618ml,100ml,890,5500,202004
조미료·장류·식용유,멸치액젓,하선정 멸치액젓(658ml),CJ제일제당,제주도/서귀포시,전통시장,전통시장,매일올레시장,658ml,100ml,722,4750,202004
조미료·장류·식용유,멸치액젓,하선정 멸치액젓(658ml),CJ제일제당,제주도/서귀포시,대형마트,이마트,이마트서귀포점,658ml,100ml,696,4580,202004
조미료·장류·식용유,멸치액젓,하선정 멸치액젓(658ml),CJ제일제당,제주도/제주시,대형마트,이마트,이마트신제주점,658ml,100ml,696,4580,202004
조미료·장류·식용유,멸치액젓,하선정 멸치액젓(658ml),CJ제일제당,제주도/제주시,대형마트,이마트,이마트제주점,658ml,100ml,696,4580,202004
조미료·장류·식용유,멸치액젓,하선정 멸치액젓(658ml),CJ제일제당,제주도/제주시,전통시장,전통시장,동문시장,658ml,100ml,661,4350,202004
조미료·장류·식용유,벌꿀,동서 아카시아꿀,동서식품,제주도/제주시,대형마트,이마트,이마트신제주점,900g,100g,2867,25800,202004
조미료·장류·식용유,벌꿀,동서 아카시아꿀,동서식품,제주도/제주시,대형마트,이마트,이마트제주점,900g,100g,2867,25800,202004
조미료·장류·식용유,벌꿀,동서 아카시아꿀,동서식품,제주도/서귀포시,대형마트,이마트,이마트서귀포점,900g,100g,2867,25800,202004
조미료·장류·식용유,벌꿀,동서 아카시아꿀,동서식품,제주도/제주시,전통시장,전통시장,동문시장,900g,100g,2667,24000,202004
조미료·장류·식용유,벌꿀,동서벌꿀,동서식품,제주도/제주시,전통시장,전통시장,동문시장,600g,100g,3167,19000,202004
조미료·장류·식용유,설탕,백설 자일로스 설탕,CJ제일제당,제주도/제주시,대형마트,이마트,이마트신제주점,1000g,100g,330,3300,202004
조미료·장류·식용유,설탕,백설 자일로스 설탕,CJ제일제당,제주도/서귀포시,대형마트,이마트,이마트서귀포점,1000g,100g,330,3300,202004
조미료·장류·식용유,설탕,백설 자일로스 설탕,CJ제일제당,제주도/서귀포시,전통시장,전통시장,매일올레시장,1000g,100g,345,3450,202004
조미료·장류·식용유,설탕,백설 자일로스 설탕,CJ제일제당,제주도/제주시,전통시장,전통시장,동문시장,1000g,100g,365,3650,202004
조미료·장류·식용유,설탕,백설 자일로스 설탕,CJ제일제당,제주도/제주시,대형마트,이마트,이마트제주점,1000g,100g,330,3300,202004
조미료·장류·식용유,설탕,백설 하얀설탕,CJ제일제당,제주도/제주시,전통시장,전통시장,동문시장,1000g,100g,195,1950,202004
조미료·장류·식용유,설탕,백설 하얀설탕,CJ제일제당,제주도/서귀포시,전통시장,전통시장,매일올레시장,1000g,100g,170,1700,202004
조미료·장류·식용유,설탕,백설 하얀설탕,CJ제일제당,제주도/서귀포시,대형마트,이마트,이마트서귀포점,1000g,100g,158,1580,202004
조미료·장류·식용유,설탕,백설 하얀설탕,CJ제일제당,제주도/제주시,대형마트,이마트,이마트신제주점,1000g,100g,158,1580,202004
조미료·장류·식용유,설탕,백설 하얀설탕,CJ제일제당,제주도/제주시,대형마트,이마트,이마트제주점,1000g,100g,158,1580,202004
조미료·장류·식용유,소금,백설꽃소금,CJ제일제당,제주도/제주시,전통시장,전통시장,동문시장,1000g,100g,160,1600,202004
조미료·장류·식용유,소금,백설꽃소금,CJ제일제당,제주도/서귀포시,전통시장,전통시장,매일올레시장,1000g,100g,155,1550,202004
조미료·장류·식용유,소금,청정원 신안섬보배 천일염 가는소금(500g),대상,제주도/제주시,전통시장,전통시장,동문시장,500g,100g,410,2050,202004
조미료·장류·식용유,소금,청정원 신안섬보배 천일염 가는소금(500g),대상,제주도/제주시,대형마트,이마트,이마트제주점,500g,100g,440,2200,202004
조미료·장류·식용유,소금,청정원 신안섬보배 천일염 가는소금(500g),대상,제주도/제주시,대형마트,이마트,이마트신제주점,500g,100g,440,2200,202004
조미료·장류·식용유,소금,청정원 신안섬보배 천일염 가는소금(500g),대상,제주도/서귀포시,전통시장,전통시장,매일올레시장,500g,100g,492,2460,202004
조미료·장류·식용유,소금,청정원 신안섬보배 천일염 가는소금(500g),대상,제주도/서귀포시,대형마트,이마트,이마트서귀포점,500g,100g,440,2200,202004
조미료·장류·식용유,소금,해표 꽃소금,해표,제주도/서귀포시,전통시장,전통시장,매일올레시장,1000g,100g,95,950,202004
조미료·장류·식용유,식용유,맑고신선한옥수수유,해표,제주도/제주시,대형마트,이마트,이마트신제주점,900ml,100ml,442,3980,202004
조미료·장류·식용유,식용유,맑고신선한옥수수유,해표,제주도/제주시,대형마트,이마트,이마트제주점,900ml,100ml,442,3980,202004
조미료·장류·식용유,식용유,맑고신선한옥수수유,해표,제주도/서귀포시,대형마트,이마트,이마트서귀포점,900ml,100ml,442,3980,202004
조미료·장류·식용유,식용유,맑고신선한해표식용유,해표,제주도/제주시,전통시장,전통시장,동문시장,900ml,100ml,256,2300,202004
조미료·장류·식용유,식용유,맑고신선한해표식용유,해표,제주도/제주시,대형마트,이마트,이마트신제주점,900ml,100ml,442,3980,202004
조미료·장류·식용유,식용유,맑고신선한해표식용유,해표,제주도/서귀포시,대형마트,이마트,이마트서귀포점,900ml,100ml,442,3980,202004
조미료·장류·식용유,식용유,맑고신선한해표식용유,해표,제주도/제주시,대형마트,이마트,이마트제주점,900ml,100ml,442,3980,202004
조미료·장류·식용유,식용유,백설국내콩기름,CJ제일제당,제주도/제주시,전통시장,전통시장,동문시장,900ml,100ml,489,4400,202004
조미료·장류·식용유,식용유,백설국내콩기름,CJ제일제당,제주도/서귀포시,전통시장,전통시장,매일올레시장,900ml,100ml,450,4050,202004
조미료·장류·식용유,식용유,오뚜기식용유(콩100%),오뚜기,제주도/제주시,전통시장,전통시장,동문시장,900ml,100ml,389,3500,202004
조미료·장류·식용유,식초,대상 사과식초,대상,제주도/서귀포시,전통시장,전통시장,매일올레시장,900ml,100ml,256,2300,202004
조미료·장류·식용유,식초,대상 사과식초,대상,제주도/제주시,전통시장,전통시장,동문시장,900ml,100ml,256,2300,202004
조미료·장류·식용유,식초,백설 국내산 사과식초(500ml),CJ제일제당,제주도/서귀포시,전통시장,전통시장,매일올레시장,500ml,100ml,310,1550,202004
조미료·장류·식용유,식초,백설 국내산 사과식초(500ml),CJ제일제당,제주도/제주시,전통시장,전통시장,동문시장,500ml,100ml,320,1600,202004
조미료·장류·식용유,식초,오뚜기 사과식초,오뚜기,제주도/제주시,대형마트,이마트,이마트제주점,900ml,100ml,253,2280,202004
조미료·장류·식용유,식초,오뚜기 사과식초,오뚜기,제주도/서귀포시,대형마트,이마트,이마트서귀포점,900ml,100ml,253,2280,202004
조미료·장류·식용유,식초,오뚜기 사과식초,오뚜기,제주도/제주시,전통시장,전통시장,동문시장,900ml,100ml,289,2600,202004
조미료·장류·식용유,식초,오뚜기 사과식초,오뚜기,제주도/제주시,대형마트,이마트,이마트신제주점,900ml,100ml,253,2280,202004
조미료·장류·식용유,쌈장,청정원 순창 쌈장,대상,제주도/서귀포시,대형마트,이마트,이마트서귀포점,500g,100g,780,3900,202004
조미료·장류·식용유,쌈장,청정원 순창 쌈장,대상,제주도/서귀포시,전통시장,전통시장,매일올레시장,500g,100g,396,1980,202004
조미료·장류·식용유,쌈장,청정원 순창 쌈장,대상,제주도/제주시,대형마트,이마트,이마트제주점,500g,100g,780,3900,202004
조미료·장류·식용유,쌈장,청정원 순창 쌈장,대상,제주도/제주시,전통시장,전통시장,동문시장,500g,100g,440,2200,202004
조미료·장류·식용유,쌈장,해찬들 사계절 쌈장,CJ제일제당,제주도/제주시,전통시장,전통시장,동문시장,500g,100g,440,2200,202004
조미료·장류·식용유,쌈장,해찬들 사계절 쌈장,CJ제일제당,제주도/서귀포시,대형마트,이마트,이마트서귀포점,500g,100g,780,3900,202004
조미료·장류·식용유,쌈장,해찬들 사계절 쌈장,CJ제일제당,제주도/제주시,대형마트,이마트,이마트신제주점,500g,100g,780,3900,202004
조미료·장류·식용유,쌈장,해찬들 사계절 쌈장,CJ제일제당,제주도/제주시,대형마트,이마트,이마트제주점,500g,100g,780,3900,202004
조미료·장류·식용유,쌈장,해찬들 사계절 쌈장,CJ제일제당,제주도/서귀포시,전통시장,전통시장,매일올레시장,500g,100g,580,2900,202004
조미료·장류·식용유,쌈장,해표 순창 궁 발아콩 12가지 양념쌈장,사조산업,제주도/제주시,대형마트,이마트,이마트신제주점,500g,100g,396,1980,202004
조미료·장류·식용유,쌈장,해표 순창 궁 발아콩 12가지 양념쌈장,사조산업,제주도/서귀포시,대형마트,이마트,이마트서귀포점,500g,100g,396,1980,202004
조미료·장류·식용유,쌈장,해표 순창 궁 발아콩 12가지 양념쌈장,사조산업,제주도/서귀포시,전통시장,전통시장,매일올레시장,500g,100g,600,3000,202004
조미료·장류·식용유,참기름,고소한참기름(오뚜기),오뚜기,제주도/서귀포시,전통시장,전통시장,매일올레시장,320ml,10ml,216,6900,202004
조미료·장류·식용유,참기름,고소한참기름(오뚜기),오뚜기,제주도/제주시,전통시장,전통시장,동문시장,320ml,10ml,225,7200,202004
조미료·장류·식용유,참기름,고소한참기름(오뚜기),오뚜기,제주도/제주시,대형마트,이마트,이마트제주점,320ml,10ml,193,6180,202004
조미료·장류·식용유,참기름,진한참기름(CJ),CJ제일제당,제주도/제주시,전통시장,전통시장,동문시장,320ml,10ml,153,4900,202004
조미료·장류·식용유,참기름,진한참기름(CJ),CJ제일제당,제주도/서귀포시,전통시장,전통시장,매일올레시장,320ml,10ml,208,6650,202004
조미료·장류·식용유,카레,오뚜기카레 순한맛,오뚜기,제주도/제주시,전통시장,전통시장,동문시장,100g,10g,190,1900,202004
조미료·장류·식용유,카레,오뚜기카레 순한맛,오뚜기,제주도/제주시,대형마트,이마트,이마트신제주점,100g,10g,185,1850,202004
조미료·장류·식용유,카레,오뚜기카레 순한맛,오뚜기,제주도/서귀포시,대형마트,이마트,이마트서귀포점,100g,10g,185,1850,202004
조미료·장류·식용유,카레,오뚜기카레 순한맛,오뚜기,제주도/제주시,대형마트,이마트,이마트제주점,100g,10g,185,1850,202004
조미료·장류·식용유,카레,오뚜기카레 순한맛,오뚜기,제주도/서귀포시,전통시장,전통시장,매일올레시장,100g,10g,178,1780,202004
조미료·장류·식용유,카레,청정원 카레여왕 구운마늘&양파(108g),대상,제주도/서귀포시,전통시장,전통시장,매일올레시장,108g,10g,333,3600,202004
조미료·장류·식용유,카레,청정원 카레여왕 구운마늘&양파(108g),대상,제주도/제주시,전통시장,전통시장,동문시장,108g,10g,352,3800,202004
조미료·장류·식용유,케찹,토마토케찹(오뚜기),오뚜기,제주도/제주시,대형마트,이마트,이마트제주점,500g,100g,450,2250,202004
조미료·장류·식용유,케찹,토마토케찹(오뚜기),오뚜기,제주도/제주시,전통시장,전통시장,동문시장,500g,100g,460,2300,202004
조미료·장류·식용유,케찹,토마토케찹(오뚜기),오뚜기,제주도/서귀포시,대형마트,이마트,이마트서귀포점,500g,100g,450,2250,202004
조미료·장류·식용유,케찹,토마토케찹(오뚜기),오뚜기,제주도/제주시,대형마트,이마트,이마트신제주점,500g,100g,450,2250,202004
조미료·장류·식용유,케찹,토마토케찹(오뚜기),오뚜기,제주도/서귀포시,전통시장,전통시장,매일올레시장,500g,100g,420,2100,202004
조미료·장류·식용유,혼합조미료,맛선생 해물,대상,제주도/제주시,대형마트,이마트,이마트신제주점,250g,10g,332,8300,202004
조미료·장류·식용유,혼합조미료,맛선생 해물,대상,제주도/서귀포시,전통시장,전통시장,매일올레시장,250g,10g,338,8460,202004
조미료·장류·식용유,혼합조미료,맛선생 해물,대상,제주도/제주시,대형마트,이마트,이마트제주점,250g,10g,332,8300,202004
조미료·장류·식용유,혼합조미료,맛선생 해물,대상,제주도/제주시,전통시장,전통시장,동문시장,250g,10g,334,8350,202004
조미료·장류·식용유,혼합조미료,맛선생 해물,대상,제주도/서귀포시,대형마트,이마트,이마트서귀포점,250g,10g,332,8300,202004
조미료·장류·식용유,혼합조미료,웰빙 다시다 산들애 국내산해물,CJ제일제당,제주도/서귀포시,전통시장,전통시장,매일올레시장,250g,10g,344,8600,202004
조미료·장류·식용유,혼합조미료,웰빙 다시다 산들애 국내산해물,CJ제일제당,제주도/제주시,대형마트,이마트,이마트제주점,250g,10g,319,7980,202004
조미료·장류·식용유,혼합조미료,웰빙 다시다 산들애 국내산해물,CJ제일제당,제주도/서귀포시,대형마트,이마트,이마트서귀포점,250g,10g,319,7980,202004
조미료·장류·식용유,혼합조미료,웰빙 다시다 산들애 국내산해물,CJ제일제당,제주도/제주시,전통시장,전통시장,동문시장,250g,10g,344,8600,202004
조미료·장류·식용유,혼합조미료,웰빙 다시다 산들애 국내산해물,CJ제일제당,제주도/제주시,대형마트,이마트,이마트신제주점,250g,10g,319,7980,202004
차·음료·주류,과일주스,델몬트 스카시플러스 100,롯데칠성음료,제주도/제주시,전통시장,전통시장,동문시장,1500ml,100ml,193,2900,202004
차·음료·주류,녹차류,남양 17차 티백(80입),남양유업,제주도/서귀포시,대형마트,이마트,이마트서귀포점,80개,1개,94,7480,202004
차·음료·주류,녹차류,남양 17차 티백(80입),남양유업,제주도/제주시,대형마트,이마트,이마트제주점,80개,1개,94,7480,202004
차·음료·주류,녹차류,동서현미녹차 100포,동서식품,제주도/제주시,대형마트,이마트,이마트제주점,100개,1개,69,6860,202004
차·음료·주류,녹차류,동서현미녹차 100포,동서식품,제주도/제주시,전통시장,전통시장,동문시장,100개,1개,74,7400,202004
차·음료·주류,녹차류,동서현미녹차 100포,동서식품,제주도/서귀포시,대형마트,이마트,이마트서귀포점,100개,1개,69,6860,202004
차·음료·주류,녹차류,동서현미녹차 100포,동서식품,제주도/제주시,대형마트,이마트,이마트신제주점,100개,1개,69,6860,202004
차·음료·주류,두유,달콤한 베지밀 비,정식품,제주도/제주시,전통시장,전통시장,동문시장,3040ml,100ml,378,11500,202004
차·음료·주류,두유,달콤한 베지밀 비,정식품,제주도/서귀포시,대형마트,이마트,이마트서귀포점,3040ml,100ml,421,12800,202004
차·음료·주류,두유,달콤한 베지밀 비,정식품,제주도/제주시,대형마트,이마트,이마트제주점,3040ml,100ml,421,12800,202004
차·음료·주류,두유,달콤한 베지밀 비,정식품,제주도/제주시,대형마트,이마트,이마트신제주점,3040ml,100ml,421,12800,202004
차·음료·주류,두유,달콤한 삼육두유 B,삼육식품,제주도/제주시,대형마트,이마트,이마트제주점,3040ml,100ml,410,12450,202004
차·음료·주류,두유,달콤한 삼육두유 B,삼육식품,제주도/서귀포시,대형마트,이마트,이마트서귀포점,3040ml,100ml,410,12450,202004
차·음료·주류,두유,달콤한 삼육두유 B,삼육식품,제주도/제주시,대형마트,이마트,이마트신제주점,3040ml,100ml,410,12450,202004
차·음료·주류,두유,달콤한 삼육두유 B,삼육식품,제주도/서귀포시,전통시장,전통시장,매일올레시장,3040ml,100ml,368,11200,202004
차·음료·주류,두유,달콤한 삼육두유 B,삼육식품,제주도/제주시,전통시장,전통시장,동문시장,3040ml,100ml,378,11500,202004
차·음료·주류,두유,뼈로가는 칼슘두유 담백한맛,매일유업,제주도/서귀포시,전통시장,전통시장,매일올레시장,3040ml,100ml,345,10500,202004
차·음료·주류,두유,뼈로가는 칼슘두유 담백한맛,매일유업,제주도/제주시,전통시장,전통시장,동문시장,3040ml,100ml,296,9000,202004
차·음료·주류,막걸리,서울장수생막걸리,서울탁주,제주도/제주시,대형마트,이마트,이마트신제주점,750ml,100ml,171,1280,202004
차·음료·주류,막걸리,서울장수생막걸리,서울탁주,제주도/제주시,대형마트,이마트,이마트제주점,750ml,100ml,171,1280,202004
차·음료·주류,막걸리,서울장수생막걸리,서울탁주,제주도/서귀포시,대형마트,이마트,이마트서귀포점,750ml,100ml,171,1280,202004
차·음료·주류,맥주,HITE(6캔),진로,제주도/제주시,대형마트,이마트,이마트신제주점,2130ml,100ml,386,8220,202004
차·음료·주류,맥주,HITE(6캔),진로,제주도/제주시,대형마트,이마트,이마트제주점,2130ml,100ml,386,8220,202004
차·음료·주류,맥주,HITE(6캔),진로,제주도/제주시,전통시장,전통시장,동문시장,2130ml,100ml,408,8700,202004
차·음료·주류,맥주,HITE(6캔),진로,제주도/서귀포시,전통시장,전통시장,매일올레시장,2130ml,100ml,423,9000,202004
차·음료·주류,맥주,HITE(6캔),진로,제주도/서귀포시,대형마트,이마트,이마트서귀포점,2130ml,100ml,386,8220,202004
차·음료·주류,맥주,HITE(단품),진로,제주도/제주시,전통시장,전통시장,동문시장,355ml,100ml,437,1550,202004
차·음료·주류,맥주,HITE(단품),진로,제주도/서귀포시,전통시장,전통시장,매일올레시장,355ml,100ml,423,1500,202004
차·음료·주류,맥주,오비골든라거 6캔,오비맥주,제주도/제주시,전통시장,전통시장,동문시장,2130ml,100ml,437,9300,202004
차·음료·주류,맥주,오비골든라거(단품),오비맥주,제주도/제주시,전통시장,전통시장,동문시장,355ml,100ml,437,1550,202004
차·음료·주류,맥주,카스 프레쉬 6캔,오비맥주,제주도/서귀포시,대형마트,이마트,이마트서귀포점,2130ml,100ml,386,8220,202004
차·음료·주류,맥주,카스 프레쉬 6캔,오비맥주,제주도/제주시,대형마트,이마트,이마트신제주점,2130ml,100ml,386,8220,202004
차·음료·주류,맥주,카스 프레쉬 6캔,오비맥주,제주도/제주시,대형마트,이마트,이마트제주점,2130ml,100ml,386,8220,202004
차·음료·주류,맥주,카스 프레쉬 6캔,오비맥주,제주도/제주시,전통시장,전통시장,동문시장,2130ml,100ml,437,9300,202004
차·음료·주류,맥주,카스 프레쉬 6캔,오비맥주,제주도/서귀포시,전통시장,전통시장,매일올레시장,2130ml,100ml,451,9600,202004
차·음료·주류,맥주,카스 프레쉬(단품 500ml),오비맥주,제주도/제주시,대형마트,이마트,이마트신제주점,500ml,100ml,376,1880,202004
차·음료·주류,맥주,카스 프레쉬(단품 500ml),오비맥주,제주도/서귀포시,대형마트,이마트,이마트서귀포점,500ml,100ml,376,1880,202004
차·음료·주류,맥주,카스 프레쉬(단품 500ml),오비맥주,제주도/제주시,전통시장,전통시장,동문시장,500ml,100ml,420,2100,202004
차·음료·주류,맥주,카스 프레쉬(단품 500ml),오비맥주,제주도/제주시,대형마트,이마트,이마트제주점,500ml,100ml,376,1880,202004
차·음료·주류,맥주,카스 프레쉬(단품 500ml),오비맥주,제주도/서귀포시,전통시장,전통시장,매일올레시장,500ml,100ml,440,2200,202004
차·음료·주류,비타민음료,비타500(묶음),광동제약,제주도/제주시,전통시장,전통시장,동문시장,1000ml,100ml,550,5500,202004
차·음료·주류,비타민음료,비타500(묶음),광동제약,제주도/제주시,대형마트,이마트,이마트제주점,1000ml,100ml,548,5480,202004
차·음료·주류,비타민음료,비타파워,롯데칠성음료,제주도/서귀포시,전통시장,전통시장,매일올레시장,1000ml,100ml,400,4000,202004
차·음료·주류,비타민음료,비타파워,롯데칠성음료,제주도/제주시,전통시장,전통시장,동문시장,1000ml,100ml,450,4500,202004
차·음료·주류,사이다,스프라이트,코카콜라음료,제주도/제주시,대형마트,이마트,이마트신제주점,1500ml,100ml,159,2380,202004
차·음료·주류,사이다,스프라이트,코카콜라음료,제주도/제주시,대형마트,이마트,이마트제주점,1500ml,100ml,159,2380,202004
차·음료·주류,사이다,스프라이트,코카콜라음료,제주도/제주시,전통시장,전통시장,동문시장,1500ml,100ml,170,2550,202004
차·음료·주류,사이다,스프라이트,코카콜라음료,제주도/서귀포시,대형마트,이마트,이마트서귀포점,1500ml,100ml,159,2380,202004
차·음료·주류,사이다,칠성사이다(1.8L),롯데칠성음료,제주도/서귀포시,대형마트,이마트,이마트서귀포점,1800ml,100ml,121,2180,202004
차·음료·주류,사이다,칠성사이다(1.8L),롯데칠성음료,제주도/제주시,대형마트,이마트,이마트신제주점,1800ml,100ml,121,2180,202004
차·음료·주류,사이다,칠성사이다(1.8L),롯데칠성음료,제주도/제주시,대형마트,이마트,이마트제주점,1800ml,100ml,121,2180,202004
차·음료·주류,생수,삼다수(2L),광동제약,제주도/서귀포시,대형마트,이마트,이마트서귀포점,2000ml,100ml,32,630,202004
차·음료·주류,생수,삼다수(2L),광동제약,제주도/제주시,대형마트,이마트,이마트신제주점,2000ml,100ml,32,630,202004
차·음료·주류,생수,삼다수(2L),광동제약,제주도/제주시,대형마트,이마트,이마트제주점,2000ml,100ml,32,630,202004
차·음료·주류,생수,삼다수(2L),광동제약,제주도/서귀포시,전통시장,전통시장,매일올레시장,2000ml,100ml,35,700,202004
차·음료·주류,생수,삼다수(500ml),광동제약,제주도/제주시,대형마트,이마트,이마트제주점,500ml,100ml,70,350,202004
차·음료·주류,생수,삼다수(500ml),광동제약,제주도/서귀포시,전통시장,전통시장,매일올레시장,500ml,100ml,80,400,202004
차·음료·주류,생수,삼다수(500ml),광동제약,제주도/제주시,대형마트,이마트,이마트신제주점,500ml,100ml,70,350,202004
차·음료·주류,생수,삼다수(500ml),광동제약,제주도/서귀포시,대형마트,이마트,이마트서귀포점,500ml,100ml,70,350,202004
차·음료·주류,생수,삼다수(500ml),광동제약,제주도/제주시,전통시장,전통시장,동문시장,500ml,100ml,80,400,202004
차·음료·주류,생수,아이시스(500ml),롯데칠성음료,제주도/제주시,대형마트,이마트,이마트신제주점,500ml,100ml,64,320,202004
차·음료·주류,생수,아이시스(500ml),롯데칠성음료,제주도/서귀포시,대형마트,이마트,이마트서귀포점,500ml,100ml,64,320,202004
차·음료·주류,생수(묶음),삼다수(2L 묶음),광동제약,제주도/서귀포시,전통시장,전통시장,매일올레시장,12000ml,100ml,35,4200,202004
차·음료·주류,생수(묶음),삼다수(2L 묶음),광동제약,제주도/제주시,전통시장,전통시장,동문시장,12000ml,100ml,33,3900,202004
차·음료·주류,생수(묶음),삼다수(500ml 묶음),광동제약,제주도/서귀포시,전통시장,전통시장,매일올레시장,10000ml,100ml,75,7500,202004
차·음료·주류,생수(묶음),삼다수(500ml 묶음),광동제약,제주도/제주시,전통시장,전통시장,동문시장,10000ml,100ml,68,6800,202004
차·음료·주류,소주,참이슬 클래식,진로,제주도/제주시,대형마트,이마트,이마트제주점,360ml,100ml,356,1280,202004
차·음료·주류,소주,참이슬 클래식,진로,제주도/제주시,대형마트,이마트,이마트신제주점,360ml,100ml,356,1280,202004
차·음료·주류,소주,참이슬 클래식,진로,제주도/서귀포시,전통시장,전통시장,매일올레시장,360ml,100ml,389,1400,202004
차·음료·주류,소주,참이슬 클래식,진로,제주도/서귀포시,대형마트,이마트,이마트서귀포점,360ml,100ml,356,1280,202004
차·음료·주류,소주,참이슬 후레쉬,진로,제주도/제주시,대형마트,이마트,이마트제주점,360ml,100ml,356,1280,202004
차·음료·주류,소주,참이슬 후레쉬,진로,제주도/서귀포시,대형마트,이마트,이마트서귀포점,360ml,100ml,356,1280,202004
차·음료·주류,소주,참이슬 후레쉬,진로,제주도/제주시,대형마트,이마트,이마트신제주점,360ml,100ml,356,1280,202004
차·음료·주류,소주,참이슬 후레쉬,진로,제주도/서귀포시,전통시장,전통시장,매일올레시장,360ml,100ml,389,1400,202004
차·음료·주류,소주,참이슬 후레쉬,진로,제주도/제주시,전통시장,전통시장,동문시장,360ml,100ml,378,1360,202004
차·음료·주류,소주,처음처럼,롯데주류,제주도/제주시,전통시장,전통시장,동문시장,360ml,100ml,375,1350,202004
차·음료·주류,소주,처음처럼,롯데주류,제주도/제주시,대형마트,이마트,이마트제주점,360ml,100ml,356,1280,202004
차·음료·주류,소주,처음처럼,롯데주류,제주도/서귀포시,대형마트,이마트,이마트서귀포점,360ml,100ml,356,1280,202004
차·음료·주류,소주,처음처럼,롯데주류,제주도/제주시,대형마트,이마트,이마트신제주점,360ml,100ml,356,1280,202004
차·음료·주류,소주,처음처럼,롯데주류,제주도/서귀포시,전통시장,전통시장,매일올레시장,360ml,100ml,375,1350,202004
차·음료·주류,식혜,비락식혜(1.8L),한국야쿠르트,제주도/제주시,대형마트,이마트,이마트신제주점,1800ml,100ml,199,3580,202004
차·음료·주류,식혜,비락식혜(1.8L),한국야쿠르트,제주도/서귀포시,대형마트,이마트,이마트서귀포점,1800ml,100ml,199,3580,202004
차·음료·주류,식혜,비락식혜(1.8L),한국야쿠르트,제주도/제주시,대형마트,이마트,이마트제주점,1800ml,100ml,199,3580,202004
차·음료·주류,식혜,비락식혜(1.8L),한국야쿠르트,제주도/제주시,전통시장,전통시장,동문시장,1800ml,100ml,222,4000,202004
차·음료·주류,식혜,비락식혜(1.8L),한국야쿠르트,제주도/서귀포시,전통시장,전통시장,매일올레시장,1800ml,100ml,217,3900,202004
차·음료·주류,에너지음료,레드불 에너지 드링크(250ml),동서식품,제주도/제주시,대형마트,이마트,이마트제주점,250ml,100ml,592,1480,202004
차·음료·주류,에너지음료,레드불 에너지 드링크(250ml),동서식품,제주도/제주시,전통시장,전통시장,동문시장,250ml,100ml,920,2300,202004
차·음료·주류,에너지음료,롯데 핫식스(250ml),롯데칠성음료,제주도/서귀포시,전통시장,전통시장,매일올레시장,250ml,100ml,320,800,202004
차·음료·주류,에너지음료,롯데 핫식스(250ml),롯데칠성음료,제주도/제주시,대형마트,이마트,이마트제주점,250ml,100ml,320,800,202004
차·음료·주류,에너지음료,롯데 핫식스(250ml),롯데칠성음료,제주도/서귀포시,대형마트,이마트,이마트서귀포점,250ml,100ml,320,800,202004
차·음료·주류,에너지음료,롯데 핫식스(250ml),롯데칠성음료,제주도/제주시,대형마트,이마트,이마트신제주점,250ml,100ml,320,800,202004
차·음료·주류,에너지음료,롯데 핫식스(250ml),롯데칠성음료,제주도/제주시,전통시장,전통시장,동문시장,250ml,100ml,360,900,202004
차·음료·주류,에너지음료,몬스터 에너지(355ml),코카콜라음료,제주도/제주시,대형마트,이마트,이마트신제주점,355ml,100ml,549,1950,202004
차·음료·주류,에너지음료,몬스터 에너지(355ml),코카콜라음료,제주도/서귀포시,대형마트,이마트,이마트서귀포점,355ml,100ml,549,1950,202004
차·음료·주류,에너지음료,몬스터 에너지(355ml),코카콜라음료,제주도/제주시,전통시장,전통시장,동문시장,355ml,100ml,451,1600,202004
차·음료·주류,에너지음료,몬스터 에너지(355ml),코카콜라음료,제주도/제주시,대형마트,이마트,이마트제주점,355ml,100ml,549,1950,202004
차·음료·주류,이온음료,게토레이 레몬,롯데칠성음료,제주도/제주시,대형마트,이마트,이마트제주점,600ml,100ml,263,1580,202004
차·음료·주류,이온음료,게토레이 레몬,롯데칠성음료,제주도/제주시,대형마트,이마트,이마트신제주점,600ml,100ml,263,1580,202004
차·음료·주류,이온음료,게토레이 레몬,롯데칠성음료,제주도/제주시,전통시장,전통시장,동문시장,600ml,100ml,283,1700,202004
차·음료·주류,이온음료,게토레이 레몬,롯데칠성음료,제주도/서귀포시,대형마트,이마트,이마트서귀포점,600ml,100ml,263,1580,202004
차·음료·주류,이온음료,파워에이드 마운틴블라스트(520ml),코카콜라음료,제주도/제주시,전통시장,전통시장,동문시장,520ml,100ml,298,1550,202004
차·음료·주류,이온음료,파워에이드 마운틴블라스트(520ml),코카콜라음료,제주도/서귀포시,전통시장,전통시장,매일올레시장,520ml,100ml,298,1550,202004
차·음료·주류,이온음료,포카리스웨트(620ml),동아오츠카,제주도/서귀포시,전통시장,전통시장,매일올레시장,620ml,100ml,161,1000,202004
차·음료·주류,"차,음료",옥수수수염차,광동제약,제주도/제주시,전통시장,전통시장,동문시장,340ml,100ml,309,1050,202004
차·음료·주류,캔커피,레쓰비 마일드(175ml),롯데칠성음료,제주도/서귀포시,전통시장,전통시장,매일올레시장,175ml,100ml,257,450,202004
차·음료·주류,캔커피,레쓰비 마일드(175ml),롯데칠성음료,제주도/제주시,전통시장,전통시장,동문시장,175ml,100ml,257,450,202004
차·음료·주류,캔커피,맥스웰 하우스 오리지날(200ml),동서식품,제주도/제주시,전통시장,전통시장,동문시장,200ml,100ml,250,500,202004
차·음료·주류,캔커피,맥심 티오피 마스터블렌드(275ml),동서식품,제주도/제주시,대형마트,이마트,이마트신제주점,275ml,100ml,647,1780,202004
차·음료·주류,캔커피,맥심 티오피 마스터블렌드(275ml),동서식품,제주도/서귀포시,전통시장,전통시장,매일올레시장,275ml,100ml,582,1600,202004
차·음료·주류,캔커피,맥심 티오피 마스터블렌드(275ml),동서식품,제주도/제주시,대형마트,이마트,이마트제주점,275ml,100ml,647,1780,202004
차·음료·주류,캔커피,맥심 티오피 마스터블렌드(275ml),동서식품,제주도/서귀포시,대형마트,이마트,이마트서귀포점,275ml,100ml,647,1780,202004
차·음료·주류,캔커피,맥심 티오피 마스터블렌드(275ml),동서식품,제주도/제주시,전통시장,전통시장,동문시장,275ml,100ml,691,1900,202004
차·음료·주류,캔커피,칸타타 원두커피 프리미엄 블렌드(275ml),롯데칠성음료,제주도/서귀포시,대형마트,이마트,이마트서귀포점,275ml,100ml,647,1780,202004
차·음료·주류,캔커피,칸타타 원두커피 프리미엄 블렌드(275ml),롯데칠성음료,제주도/서귀포시,전통시장,전통시장,매일올레시장,275ml,100ml,582,1600,202004
차·음료·주류,캔커피,칸타타 원두커피 프리미엄 블렌드(275ml),롯데칠성음료,제주도/제주시,대형마트,이마트,이마트제주점,275ml,100ml,647,1780,202004
차·음료·주류,캔커피,칸타타 원두커피 프리미엄 블렌드(275ml),롯데칠성음료,제주도/제주시,대형마트,이마트,이마트신제주점,275ml,100ml,647,1780,202004
차·음료·주류,캔커피,칸타타 원두커피 프리미엄 블렌드(275ml),롯데칠성음료,제주도/제주시,전통시장,전통시장,동문시장,275ml,100ml,655,1800,202004
차·음료·주류,커피믹스,네스카페 신선한 모카(180입),한국네슬레,제주도/제주시,전통시장,전통시장,동문시장,180개,1개,99,17800,202004
차·음료·주류,커피믹스,맥스웰 하우스 오리지날,동서식품,제주도/제주시,전통시장,전통시장,동문시장,180개,1개,94,16900,202004
차·음료·주류,커피믹스,맥스웰 하우스 오리지날,동서식품,제주도/서귀포시,대형마트,이마트,이마트서귀포점,180개,1개,61,10980,202004
차·음료·주류,커피믹스,맥심모카골드,동서식품,제주도/서귀포시,전통시장,전통시장,매일올레시장,180개,1개,133,24000,202004
차·음료·주류,커피믹스,맥심모카골드,동서식품,제주도/서귀포시,대형마트,이마트,이마트서귀포점,180개,1개,137,24650,202004
차·음료·주류,커피믹스,맥심모카골드,동서식품,제주도/제주시,대형마트,이마트,이마트신제주점,180개,1개,137,24650,202004
차·음료·주류,커피믹스,맥심모카골드,동서식품,제주도/제주시,대형마트,이마트,이마트제주점,180개,1개,137,24650,202004
차·음료·주류,커피믹스,프렌치까페믹스,남양유업,제주도/제주시,전통시장,전통시장,동문시장,180개,1개,147,26500,202004
차·음료·주류,컵커피,매일 카페라떼 마일드,매일유업,제주도/제주시,대형마트,이마트,이마트제주점,200ml,100ml,750,1500,202004
차·음료·주류,컵커피,매일 카페라떼 마일드,매일유업,제주도/서귀포시,전통시장,전통시장,매일올레시장,200ml,100ml,750,1500,202004
차·음료·주류,컵커피,매일 카페라떼 마일드,매일유업,제주도/서귀포시,대형마트,이마트,이마트서귀포점,200ml,100ml,750,1500,202004
차·음료·주류,컵커피,매일 카페라떼 마일드,매일유업,제주도/제주시,전통시장,전통시장,동문시장,200ml,100ml,650,1300,202004
차·음료·주류,컵커피,매일 카페라떼 마일드,매일유업,제주도/제주시,대형마트,이마트,이마트신제주점,200ml,100ml,750,1500,202004
차·음료·주류,컵커피,스타벅스 커피라떼,동서식품,제주도/제주시,전통시장,전통시장,동문시장,200ml,100ml,1000,2000,202004
차·음료·주류,컵커피,악마의유혹 프렌치 카페오레,남양유업,제주도/서귀포시,전통시장,전통시장,매일올레시장,200ml,100ml,700,1400,202004
차·음료·주류,컵커피,악마의유혹 프렌치 카페오레,남양유업,제주도/제주시,전통시장,전통시장,동문시장,200ml,100ml,750,1500,202004
차·음료·주류,컵커피,엔제리너스 카페모카,롯데칠성음료,제주도/제주시,전통시장,전통시장,동문시장,250ml,100ml,680,1700,202004
차·음료·주류,콜라,코카콜라(1.8L),코카콜라음료,제주도/제주시,대형마트,이마트,이마트제주점,1800ml,100ml,183,3300,202004
차·음료·주류,콜라,코카콜라(1.8L),코카콜라음료,제주도/서귀포시,대형마트,이마트,이마트서귀포점,1800ml,100ml,183,3300,202004
차·음료·주류,콜라,코카콜라(1.8L),코카콜라음료,제주도/제주시,대형마트,이마트,이마트신제주점,1800ml,100ml,183,3300,202004
차·음료·주류,콜라,펩시콜라(1.8L),롯데칠성음료,제주도/서귀포시,대형마트,이마트,이마트서귀포점,1800ml,100ml,131,2350,202004
차·음료·주류,콜라,펩시콜라(1.8L),롯데칠성음료,제주도/제주시,대형마트,이마트,이마트신제주점,1800ml,100ml,131,2350,202004
차·음료·주류,콜라,펩시콜라(1.8L),롯데칠성음료,제주도/제주시,대형마트,이마트,이마트제주점,1800ml,100ml,131,2350,202004
차·음료·주류,탄산수,씨그램 레몬(350ml),코카콜라음료,제주도/제주시,대형마트,이마트,이마트제주점,350ml,100ml,186,650,202004
차·음료·주류,탄산수,씨그램 레몬(350ml),코카콜라음료,제주도/제주시,대형마트,이마트,이마트신제주점,350ml,100ml,186,650,202004
차·음료·주류,탄산수,씨그램 레몬(350ml),코카콜라음료,제주도/서귀포시,대형마트,이마트,이마트서귀포점,350ml,100ml,186,650,202004
차·음료·주류,탄산수,씨그램 레몬(350ml),코카콜라음료,제주도/제주시,전통시장,전통시장,동문시장,350ml,100ml,286,1000,202004
차·음료·주류,탄산수,초정탄산수 레몬(500ml),일화초정공장,제주도/제주시,대형마트,이마트,이마트신제주점,500ml,100ml,178,890,202004
차·음료·주류,탄산수,초정탄산수 레몬(500ml),일화초정공장,제주도/서귀포시,대형마트,이마트,이마트서귀포점,500ml,100ml,178,890,202004
차·음료·주류,탄산수,초정탄산수 레몬(500ml),일화초정공장,제주도/제주시,대형마트,이마트,이마트제주점,500ml,100ml,178,890,202004
차·음료·주류,탄산수,트레비 레몬(500ml),롯데칠성음료,제주도/제주시,대형마트,이마트,이마트제주점,500ml,100ml,216,1080,202004
차·음료·주류,탄산수,트레비 레몬(500ml),롯데칠성음료,제주도/서귀포시,전통시장,전통시장,매일올레시장,500ml,100ml,220,1100,202004
차·음료·주류,탄산수,트레비 레몬(500ml),롯데칠성음료,제주도/제주시,전통시장,전통시장,동문시장,500ml,100ml,240,1200,202004
차·음료·주류,탄산수,트레비 레몬(500ml),롯데칠성음료,제주도/제주시,대형마트,이마트,이마트신제주점,500ml,100ml,216,1080,202004
채소,가지,가지,일반,제주도/서귀포시,전통시장,전통시장,매일올레시장,100g,100g,600,600,202004
채소,가지,가지,일반,제주도/제주시,전통시장,전통시장,동문시장,100g,100g,600,600,202004
채소,감자,감자(껍질 있는 감자),일반,제주도/제주시,전통시장,전통시장,동문시장,100g,100g,300,300,202004
채소,감자,감자(껍질 있는 감자),일반,제주도/서귀포시,전통시장,전통시장,매일올레시장,100g,100g,200,200,202004
채소,고구마,고구마(껍질 있는 밤고구마),일반,제주도/서귀포시,전통시장,전통시장,매일올레시장,100g,100g,500,500,202004
채소,고구마,고구마(껍질 있는 밤고구마),일반,제주도/제주시,전통시장,전통시장,동문시장,100g,100g,400,400,202004
채소,고구마,고구마(껍질 있는 호박고구마),일반,제주도/서귀포시,전통시장,전통시장,매일올레시장,100g,100g,500,500,202004
채소,고구마,고구마(껍질 있는 호박고구마),일반,제주도/제주시,전통시장,전통시장,동문시장,100g,100g,500,500,202004
채소,깻잎,깻잎,일반,제주도/서귀포시,전통시장,전통시장,매일올레시장,100g,100g,800,800,202004
채소,깻잎,깻잎,일반,제주도/제주시,전통시장,전통시장,동문시장,100g,100g,1000,1000,202004
채소,당근,당근(흙당근),일반,제주도/서귀포시,전통시장,전통시장,매일올레시장,100g,100g,350,350,202004
채소,당근,당근(흙당근),일반,제주도/제주시,전통시장,전통시장,동문시장,100g,100g,400,400,202004
채소,대파,"대파(흙대파, 500~800g)",일반,제주도/서귀포시,전통시장,전통시장,매일올레시장,1단,1단,1200,1200,202004
채소,대파,"대파(흙대파, 500~800g)",일반,제주도/제주시,전통시장,전통시장,동문시장,1단,1단,1200,1200,202004
채소,마늘,마늘(깐마늘),일반,제주도/제주시,전통시장,전통시장,동문시장,100g,100g,700,700,202004
채소,마늘,마늘(깐마늘),일반,제주도/서귀포시,전통시장,전통시장,매일올레시장,100g,100g,700,700,202004
채소,무,무(줄기 없는 무),일반,제주도/제주시,전통시장,전통시장,동문시장,1개,1개,2000,2000,202004
채소,무,무(줄기 없는 무),일반,제주도/서귀포시,전통시장,전통시장,매일올레시장,1개,1개,1500,1500,202004
채소,배추,배추,일반,제주도/제주시,전통시장,전통시장,동문시장,1개,1개,6000,6000,202004
채소,배추,배추,일반,제주도/서귀포시,전통시장,전통시장,매일올레시장,1개,1개,5000,5000,202004
채소,버섯,느타리버섯,일반,제주도/제주시,전통시장,전통시장,동문시장,100g,100g,1000,1000,202004
채소,버섯,느타리버섯,일반,제주도/서귀포시,전통시장,전통시장,매일올레시장,100g,100g,850,850,202004
채소,버섯,양송이버섯,일반,제주도/제주시,전통시장,전통시장,동문시장,100g,100g,2000,2000,202004
채소,버섯,양송이버섯,일반,제주도/서귀포시,전통시장,전통시장,매일올레시장,100g,100g,1500,1500,202004
채소,상추,적상추,일반,제주도/서귀포시,전통시장,전통시장,매일올레시장,100g,100g,700,700,202004
채소,상추,적상추,일반,제주도/제주시,전통시장,전통시장,동문시장,100g,100g,700,700,202004
채소,생강,생강,일반,제주도/제주시,전통시장,전통시장,동문시장,100g,100g,1200,1200,202004
채소,생강,생강,일반,제주도/서귀포시,전통시장,전통시장,매일올레시장,100g,100g,1200,1200,202004
채소,시금치,시금치(250~400g),일반,제주도/제주시,전통시장,전통시장,동문시장,1단,1단,1500,1500,202004
채소,양배추,양배추,일반,제주도/제주시,전통시장,전통시장,동문시장,1개,1개,3000,3000,202004
채소,양배추,양배추,일반,제주도/서귀포시,전통시장,전통시장,매일올레시장,1개,1개,4000,4000,202004
채소,양파,"양파(껍질 있는 망포장, 1500g)",일반,제주도/서귀포시,전통시장,전통시장,매일올레시장,1망,1망,4000,4000,202004
채소,오이,오이(백다다기),일반,제주도/제주시,전통시장,전통시장,동문시장,1개,1개,1000,1000,202004
채소,오이,오이(백다다기),일반,제주도/서귀포시,전통시장,전통시장,매일올레시장,1개,1개,1000,1000,202004
채소,쪽파,쪽파(흙쪽파),일반,제주도/서귀포시,전통시장,전통시장,매일올레시장,100g,100g,500,500,202004
채소,쪽파,쪽파(흙쪽파),일반,제주도/제주시,전통시장,전통시장,동문시장,100g,100g,500,500,202004
채소,풋고추,풋고추,일반,제주도/서귀포시,전통시장,전통시장,매일올레시장,100g,100g,800,800,202004
채소,풋고추,풋고추,일반,제주도/제주시,전통시장,전통시장,동문시장,100g,100g,800,800,202004
채소,호박,애호박,일반,제주도/서귀포시,전통시장,전통시장,매일올레시장,1개,1개,1500,1500,202004
채소,호박,애호박,일반,제주도/제주시,전통시장,전통시장,동문시장,1개,1개,2000,2000,202004